-- phpMyAdmin SQL Dump
-- version 3.3.10
-- http://www.phpmyadmin.net
--
-- Host: mysql.uranium-anchor.com
-- Generation Time: Sep 05, 2011 at 04:26 PM
-- Server version: 5.1.39
-- PHP Version: 5.2.17

SET SQL_MODE="NO_AUTO_VALUE_ON_ZERO";

--
-- Database: `sgdq_donations`
--

-- --------------------------------------------------------

--
-- Table structure for table `auth_group`
--

CREATE TABLE IF NOT EXISTS `auth_group` (
  `id` int(11) NOT NULL AUTO_INCREMENT,
  `name` varchar(80) NOT NULL,
  PRIMARY KEY (`id`),
  UNIQUE KEY `name` (`name`)
) ENGINE=MyISAM  DEFAULT CHARSET=utf8 AUTO_INCREMENT=4 ;

--
-- Dumping data for table `auth_group`
--

INSERT INTO `auth_group` (`id`, `name`) VALUES
(1, 'Donation Admins'),
(2, 'Donation Readers'),
(3, 'Bid Updaters');

-- --------------------------------------------------------

--
-- Table structure for table `auth_group_permissions`
--

CREATE TABLE IF NOT EXISTS `auth_group_permissions` (
  `id` int(11) NOT NULL AUTO_INCREMENT,
  `group_id` int(11) NOT NULL,
  `permission_id` int(11) NOT NULL,
  PRIMARY KEY (`id`),
  UNIQUE KEY `group_id` (`group_id`,`permission_id`),
  KEY `auth_group_permissions_425ae3c4` (`group_id`),
  KEY `auth_group_permissions_1e014c8f` (`permission_id`)
) ENGINE=MyISAM  DEFAULT CHARSET=utf8 AUTO_INCREMENT=92 ;

--
-- Dumping data for table `auth_group_permissions`
--

INSERT INTO `auth_group_permissions` (`id`, `group_id`, `permission_id`) VALUES
(75, 1, 64),
(74, 1, 60),
(73, 1, 59),
(72, 1, 58),
(71, 1, 57),
(70, 1, 56),
(69, 1, 55),
(68, 1, 54),
(67, 1, 53),
(66, 1, 52),
(65, 1, 42),
(64, 1, 41),
(63, 1, 40),
(62, 1, 39),
(61, 1, 38),
(60, 1, 37),
(59, 1, 36),
(58, 1, 35),
(57, 1, 34),
(56, 1, 33),
(55, 1, 32),
(54, 1, 31),
(53, 1, 30),
(52, 1, 29),
(51, 1, 28),
(50, 2, 64),
(76, 1, 65),
(77, 3, 32),
(78, 3, 33),
(79, 3, 34),
(80, 3, 35),
(81, 3, 36),
(82, 3, 37),
(83, 3, 38),
(84, 3, 39),
(85, 3, 29),
(86, 3, 30),
(87, 3, 31),
(88, 3, 28),
(89, 3, 61),
(90, 3, 62),
(91, 3, 63);

-- --------------------------------------------------------

--
-- Table structure for table `auth_message`
--

CREATE TABLE IF NOT EXISTS `auth_message` (
  `id` int(11) NOT NULL AUTO_INCREMENT,
  `user_id` int(11) NOT NULL,
  `message` longtext NOT NULL,
  PRIMARY KEY (`id`),
  KEY `user_id_refs_id_650f49a6` (`user_id`)
) ENGINE=MyISAM DEFAULT CHARSET=utf8 AUTO_INCREMENT=1 ;

--
-- Dumping data for table `auth_message`
--


-- --------------------------------------------------------

--
-- Table structure for table `auth_permission`
--

CREATE TABLE IF NOT EXISTS `auth_permission` (
  `id` int(11) NOT NULL AUTO_INCREMENT,
  `name` varchar(50) NOT NULL,
  `content_type_id` int(11) NOT NULL,
  `codename` varchar(100) NOT NULL,
  PRIMARY KEY (`id`),
  UNIQUE KEY `content_type_id` (`content_type_id`,`codename`),
  KEY `auth_permission_1bb8f392` (`content_type_id`)
) ENGINE=MyISAM  DEFAULT CHARSET=utf8 AUTO_INCREMENT=66 ;

--
-- Dumping data for table `auth_permission`
--

INSERT INTO `auth_permission` (`id`, `name`, `content_type_id`, `codename`) VALUES
(1, 'Can add permission', 1, 'add_permission'),
(2, 'Can change permission', 1, 'change_permission'),
(3, 'Can delete permission', 1, 'delete_permission'),
(4, 'Can add group', 2, 'add_group'),
(5, 'Can change group', 2, 'change_group'),
(6, 'Can delete group', 2, 'delete_group'),
(7, 'Can add user', 3, 'add_user'),
(8, 'Can change user', 3, 'change_user'),
(9, 'Can delete user', 3, 'delete_user'),
(10, 'Can add message', 4, 'add_message'),
(11, 'Can change message', 4, 'change_message'),
(12, 'Can delete message', 4, 'delete_message'),
(13, 'Can add content type', 5, 'add_contenttype'),
(14, 'Can change content type', 5, 'change_contenttype'),
(15, 'Can delete content type', 5, 'delete_contenttype'),
(16, 'Can add session', 6, 'add_session'),
(17, 'Can change session', 6, 'change_session'),
(18, 'Can delete session', 6, 'delete_session'),
(19, 'Can add site', 7, 'add_site'),
(20, 'Can change site', 7, 'change_site'),
(21, 'Can delete site', 7, 'delete_site'),
(22, 'Can add log entry', 8, 'add_logentry'),
(23, 'Can change log entry', 8, 'change_logentry'),
(24, 'Can delete log entry', 8, 'delete_logentry'),
(25, 'Can add bid state', 9, 'add_bidstate'),
(26, 'Can change bid state', 9, 'change_bidstate'),
(27, 'Can delete bid state', 9, 'delete_bidstate'),
(28, 'Can add challenge', 10, 'add_challenge'),
(29, 'Can change challenge', 10, 'change_challenge'),
(30, 'Can delete challenge', 10, 'delete_challenge'),
(31, 'Can add challenge bid', 11, 'add_challengebid'),
(32, 'Can change challenge bid', 11, 'change_challengebid'),
(33, 'Can delete challenge bid', 11, 'delete_challengebid'),
(34, 'Can add choice', 12, 'add_choice'),
(35, 'Can change choice', 12, 'change_choice'),
(36, 'Can delete choice', 12, 'delete_choice'),
(37, 'Can add choice option', 13, 'add_choiceoption'),
(38, 'Can change choice option', 13, 'change_choiceoption'),
(39, 'Can delete choice option', 13, 'delete_choiceoption'),
(40, 'Can add donation', 14, 'add_donation'),
(41, 'Can change donation', 14, 'change_donation'),
(42, 'Can delete donation', 14, 'delete_donation'),
(43, 'Can add donation bid state', 15, 'add_donationbidstate'),
(44, 'Can change donation bid state', 15, 'change_donationbidstate'),
(45, 'Can delete donation bid state', 15, 'delete_donationbidstate'),
(46, 'Can add donation domain', 16, 'add_donationdomain'),
(47, 'Can change donation domain', 16, 'change_donationdomain'),
(48, 'Can delete donation domain', 16, 'delete_donationdomain'),
(49, 'Can add donation read state', 17, 'add_donationreadstate'),
(50, 'Can change donation read state', 17, 'change_donationreadstate'),
(51, 'Can delete donation read state', 17, 'delete_donationreadstate'),
(52, 'Can add donor', 18, 'add_donor'),
(53, 'Can change donor', 18, 'change_donor'),
(54, 'Can delete donor', 18, 'delete_donor'),
(55, 'Can add prize', 19, 'add_prize'),
(56, 'Can change prize', 19, 'change_prize'),
(57, 'Can delete prize', 19, 'delete_prize'),
(58, 'Can add speed run', 20, 'add_speedrun'),
(59, 'Can change speed run', 20, 'change_speedrun'),
(60, 'Can delete speed run', 20, 'delete_speedrun'),
(61, 'Can add Choice Bid', 21, 'add_choicebid'),
(62, 'Can change Choice Bid', 21, 'change_choicebid'),
(63, 'Can delete Choice Bid', 21, 'delete_choicebid'),
(64, 'Can view full usernames', 18, 'view_usernames'),
(65, 'Can view email addresses', 18, 'view_emails');

-- --------------------------------------------------------

--
-- Table structure for table `auth_user`
--

CREATE TABLE IF NOT EXISTS `auth_user` (
  `id` int(11) NOT NULL AUTO_INCREMENT,
  `username` varchar(30) NOT NULL,
  `first_name` varchar(30) NOT NULL,
  `last_name` varchar(30) NOT NULL,
  `email` varchar(75) NOT NULL,
  `password` varchar(128) NOT NULL,
  `is_staff` tinyint(1) NOT NULL,
  `is_active` tinyint(1) NOT NULL,
  `is_superuser` tinyint(1) NOT NULL,
  `last_login` datetime NOT NULL,
  `date_joined` datetime NOT NULL,
  PRIMARY KEY (`id`),
  UNIQUE KEY `username` (`username`)
) ENGINE=MyISAM  DEFAULT CHARSET=utf8 AUTO_INCREMENT=4 ;

--
-- Dumping data for table `auth_user`
--

INSERT INTO `auth_user` (`id`, `username`, `first_name`, `last_name`, `email`, `password`, `is_staff`, `is_active`, `is_superuser`, `last_login`, `date_joined`) VALUES
(1, 'donationadmin', '', '', 'ua@uranium-anchor.com', 'sha1$d383e$58daa3f6b1fc7335e0dae3f71a17f5629cef9e96', 1, 1, 1, '2011-09-05 15:46:00', '2011-09-02 20:15:13'),
(3, 'cyberbotx', '', '', '', 'sha1$63b31$8d0256c81fe76949eba466ed25bf00c34461b41e', 1, 1, 0, '2011-09-05 16:29:57', '2011-09-05 15:48:45');

-- --------------------------------------------------------

--
-- Table structure for table `auth_user_groups`
--

CREATE TABLE IF NOT EXISTS `auth_user_groups` (
  `id` int(11) NOT NULL AUTO_INCREMENT,
  `user_id` int(11) NOT NULL,
  `group_id` int(11) NOT NULL,
  PRIMARY KEY (`id`),
  UNIQUE KEY `user_id` (`user_id`,`group_id`),
  KEY `group_id_refs_id_f116770` (`group_id`)
) ENGINE=MyISAM  DEFAULT CHARSET=utf8 AUTO_INCREMENT=3 ;

--
-- Dumping data for table `auth_user_groups`
--

INSERT INTO `auth_user_groups` (`id`, `user_id`, `group_id`) VALUES
(2, 3, 3);

-- --------------------------------------------------------

--
-- Table structure for table `auth_user_user_permissions`
--

CREATE TABLE IF NOT EXISTS `auth_user_user_permissions` (
  `id` int(11) NOT NULL AUTO_INCREMENT,
  `user_id` int(11) NOT NULL,
  `permission_id` int(11) NOT NULL,
  PRIMARY KEY (`id`),
  UNIQUE KEY `user_id` (`user_id`,`permission_id`),
  KEY `permission_id_refs_id_67e79cb` (`permission_id`)
) ENGINE=MyISAM DEFAULT CHARSET=utf8 AUTO_INCREMENT=1 ;

--
-- Dumping data for table `auth_user_user_permissions`
--


-- --------------------------------------------------------

--
-- Table structure for table `BidState`
--

CREATE TABLE IF NOT EXISTS `BidState` (
  `bidStateId` varchar(16) NOT NULL DEFAULT '',
  PRIMARY KEY (`bidStateId`)
) ENGINE=MyISAM DEFAULT CHARSET=utf8;

--
-- Dumping data for table `BidState`
--

INSERT INTO `BidState` (`bidStateId`) VALUES
('CLOSED'),
('HIDDEN'),
('OPENED');

-- --------------------------------------------------------

--
-- Table structure for table `Challenge`
--

CREATE TABLE IF NOT EXISTS `Challenge` (
  `challengeId` int(11) NOT NULL DEFAULT '0',
  `speedRunId` int(11) DEFAULT NULL,
  `name` varchar(63) DEFAULT NULL,
  `goalAmount` decimal(19,2) DEFAULT NULL,
  `description` varchar(1024) DEFAULT NULL,
  `bidState` varchar(16) DEFAULT NULL,
  PRIMARY KEY (`challengeId`),
  UNIQUE KEY `ChallengeNameUnique` (`speedRunId`,`name`),
  KEY `ChallengeFKBidState` (`bidState`)
) ENGINE=MyISAM DEFAULT CHARSET=utf8;

--
-- Dumping data for table `Challenge`
--

INSERT INTO `Challenge` (`challengeId`, `speedRunId`, `name`, `goalAmount`, `description`, `bidState`) VALUES
(-1667888688, 1749151378, 'angel''s rain', 0.00, NULL, 'OPENED'),
(-1523564719, -32969917, 'clown dance', 0.00, NULL, 'OPENED'),
(-1221968333, 1749151378, 'scorching', 0.00, NULL, 'OPENED'),
(-1191970962, 1777221925, 'galamoth punchout', 100.00, '', 'OPENED'),
(982400750, -958658254, 'weaponless', 0.00, '', 'OPENED'),
(1034323728, 1749151378, 'katamari on the swing', 0.00, '', 'OPENED'),
(1276104123, 1749151378, 'disco prince', 0.00, '', 'OPENED'),
(1336083220, 1271580262, 'trinkets', 100.00, '', 'OPENED'),
(1395310141, 1749151378, 'cowbear', 0.00, '', 'OPENED'),
(1666142154, 1749151378, 'kurukuru rock', 30.00, 'kurukuru on bigger stage', 'OPENED');

-- --------------------------------------------------------

--
-- Table structure for table `ChallengeBid`
--

CREATE TABLE IF NOT EXISTS `ChallengeBid` (
  `challengeBidId` int(11) NOT NULL DEFAULT '0',
  `challengeId` int(11) DEFAULT NULL,
  `donationId` int(11) DEFAULT NULL,
  `amount` decimal(19,2) DEFAULT NULL,
  PRIMARY KEY (`challengeBidId`),
  KEY `ChallengeBidFKDonation` (`donationId`),
  KEY `ChallengeBidFKChallenge` (`challengeId`)
) ENGINE=MyISAM DEFAULT CHARSET=utf8;

--
-- Dumping data for table `ChallengeBid`
--

INSERT INTO `ChallengeBid` (`challengeBidId`, `challengeId`, `donationId`, `amount`) VALUES
(-2075723167, -1191970962, -479123606, 50.00),
(-1894995367, 1276104123, -609066573, 10.00),
(-1724008783, 982400750, -166560177, 11.11),
(-1687147683, 1336083220, 14053653, 5.00),
(-1533991528, 982400750, 466685221, 5.00),
(-1526489189, 982400750, -131684738, 10.00),
(-1491421345, 1276104123, -1233284804, 5.00),
(-1410328180, 1666142154, -252573903, 10.00),
(-1148454713, 1276104123, 870107572, 13.00),
(-1140276260, 1336083220, 892341875, 10.00),
(-1118644906, 982400750, 316713625, 20.00),
(-968744330, 982400750, -1847020687, 20.00),
(-552324065, 1336083220, -1008480570, 10.00),
(-291029574, -1523564719, -475930182, 20.00),
(-195646628, -1191970962, 685352996, 40.00),
(-162300327, 1666142154, 1897673693, 10.00),
(-110851883, 982400750, -1578994844, 20.00),
(24126906, 982400750, 2024100169, 10.00),
(79456440, -1523564719, 658475523, 25.00),
(88414541, 1336083220, 985453514, 10.00),
(124542103, 1666142154, -1190748737, 25.00),
(126029874, -1523564719, 574429165, 5.00),
(128786943, 1336083220, 1796901131, 10.00),
(129708871, 982400750, -1269543707, 15.00),
(178021101, -1221968333, -1316195647, 10.00),
(216349000, 1666142154, 2007683405, 15.00),
(222955614, 1336083220, -2068567188, 10.00),
(370448863, -1523564719, 462923311, 15.00),
(439619883, -1191970962, 1551302708, 5.00),
(567219502, -1523564719, 934069829, 160.00),
(661823722, -1191970962, 885946392, 5.00),
(731805293, 1336083220, 2022188530, 10.00),
(796539243, -1523564719, 1491027276, 20.00),
(821795148, 1666142154, 2052056910, 10.00),
(857171703, 982400750, -809043999, 25.00),
(893618869, -1667888688, 460770023, 20.00),
(1084949324, 982400750, 1656840992, 10.00),
(1131366012, 1276104123, 827839331, 10.00),
(1212076258, -1523564719, 806614837, 5.00),
(1227120378, 982400750, 1247864244, 10.00),
(1238013967, 1276104123, 1438561570, 8.00),
(1445703648, 1336083220, 520732021, 20.00),
(1694618299, 1276104123, -651115075, 5.00),
(1797215205, 982400750, 1188358860, 15.00),
(1833547896, 1336083220, -951019665, 10.00),
(1942334761, 1336083220, -447696571, 10.00),
(2074158019, 1276104123, 805198814, 20.00),
(2104035405, 1336083220, -1567335148, 50.00);

-- --------------------------------------------------------

--
-- Table structure for table `Choice`
--

CREATE TABLE IF NOT EXISTS `Choice` (
  `choiceId` int(11) NOT NULL DEFAULT '0',
  `speedRunId` int(11) DEFAULT NULL,
  `name` varchar(63) DEFAULT NULL,
  `description` varchar(1024) DEFAULT NULL,
  `bidState` varchar(16) DEFAULT NULL,
  PRIMARY KEY (`choiceId`),
  UNIQUE KEY `ChoiceNameUnique` (`speedRunId`,`name`),
  KEY `ChoiceFKBidState` (`bidState`)
) ENGINE=MyISAM DEFAULT CHARSET=utf8;

--
-- Dumping data for table `Choice`
--

INSERT INTO `Choice` (`choiceId`, `speedRunId`, `name`, `description`, `bidState`) VALUES
(-1271189024, -402000676, 'lttp file name', '', 'OPENED'),
(-1172129409, -1812696888, 'dk94 or mvdk?', '', 'OPENED'),
(-507672401, 1749151378, 'music', NULL, 'OPENED'),
(327477904, 1644499027, 'soma vs julius', '', 'OPENED'),
(914934789, 2126740830, 'handgun vs no handgun', '', 'OPENED'),
(1053302202, -1857532571, 'kh game choice', '', 'OPENED'),
(1155919392, -1523758844, 'toejam or earl', '', 'OPENED'),
(1221500587, -1526252475, 'buster vs normal', '', 'OPENED'),
(1802104293, 1256837519, 'banana or pie', '', 'OPENED'),
(1874624578, 489090615, 'kh:bbs story choice', '', 'OPENED'),
(1936732123, -402000676, 'any% or 100%', '', 'OPENED'),
(2092144569, -479708931, 'file name', '', 'OPENED'),
(-2014664236, 963604917, 'chip or dale', NULL, 'OPENED');

-- --------------------------------------------------------

--
-- Table structure for table `ChoiceBid`
--

CREATE TABLE IF NOT EXISTS `ChoiceBid` (
  `choiceBidId` int(11) NOT NULL DEFAULT '0',
  `optionId` int(11) DEFAULT NULL,
  `donationId` int(11) DEFAULT NULL,
  `amount` decimal(19,2) DEFAULT NULL,
  PRIMARY KEY (`choiceBidId`),
  KEY `ChoiceBidFKDonation` (`donationId`),
  KEY `ChoiceBidFKOption` (`optionId`)
) ENGINE=MyISAM DEFAULT CHARSET=utf8;

--
-- Dumping data for table `ChoiceBid`
--

INSERT INTO `ChoiceBid` (`choiceBidId`, `optionId`, `donationId`, `amount`) VALUES
(-2092941359, -108602457, 1973535487, 15.00),
(-2046367749, -1231426996, 941875801, 10.00),
(-2042488976, -1951290632, 496800946, 15.00),
(-2025973703, 309290408, 301502986, 5.00),
(-2024035064, -108602457, 1780547428, 50.00),
(-1990823256, -275338969, -1743712841, 10.00),
(-1900692736, 309290408, -928063315, 10.00),
(-1895602598, -1719884676, 2009908068, 19.00),
(-1883815138, -1719884676, 2119387165, 10.00),
(-1881274141, -1499440398, -783842525, 10.00),
(-1869459227, -1304483525, 1337988844, 1.00),
(-1828035373, 2062917101, -750701280, 20.00),
(-1803403993, 309290408, 788172939, 10.00),
(-1732097060, 1823411373, 1332050140, 10.00),
(-1719274239, 309290408, 1811813149, 10.00),
(-1696230175, 1823802841, -796864963, 0.01),
(-1653624753, 1130903097, 807895068, 4.80),
(-1589472363, 309290408, 44255726, 15.00),
(-1528378529, -1951290632, -1376377221, 6.58),
(-1490445016, 821598236, -806461157, 10.00),
(-1484880102, 309290408, 385349512, 20.00),
(-1454876721, 309290408, 1977601991, 10.00),
(-1354410736, 99988512, 1369323856, 120.00),
(-1348845710, 309290408, -1812347223, 5.00),
(-1342211542, 821598236, 965135633, 20.00),
(-1271075640, 821598236, 667879991, 20.00),
(-1266819131, 309290408, 1680870487, 15.00),
(-1128776647, 1823802841, 1986872539, 0.01),
(-1097386153, -100393172, -475208003, 37.00),
(-1064374049, 309290408, 861102246, 20.00),
(-1010820117, 309290408, 1441638010, 20.00),
(-968164535, 412196224, -518071075, 5.00),
(-948741389, -1620600655, -1828041841, 15.00),
(-947112634, -372733854, -1815124909, 10.00),
(-926324104, -1676084309, 568467726, 5.00),
(-871667813, 309290408, -2097860417, 30.00),
(-856770893, 821598236, 2129601769, 25.00),
(-779640286, -352545273, -1801199862, 100.00),
(-747890003, -1231426996, 472544092, 10.00),
(-741704767, -1054750977, 996587118, 200.00),
(-740884562, -1620600655, -387636472, 4.00),
(-719989965, -1719884676, -575610454, 11.11),
(-685374089, 309290408, 713875491, 10.00),
(-673273236, 1641500348, -929783451, 20.00),
(-591267136, 412196224, -1205370585, 10.00),
(-569152470, -1309551688, -1227421182, 10.00),
(-560676443, 99988512, -1718597916, 10.00),
(-519951440, 412196224, -1034025918, 20.00),
(-484447215, 2062917101, 1022374876, 10.00),
(-476628970, 99988512, -454062967, 10.00),
(-458867321, -1499440398, 685610725, 15.00),
(-409836918, 947846258, -1825745068, 10.00),
(-298022426, 99988512, -1138404037, 11.11),
(-251527622, -317377255, -1889153037, 101.00),
(-251214700, 309290408, -498522009, 20.00),
(-250788797, 309290408, 828631996, 10.00),
(-213013723, 309290408, -1026412649, 5.00),
(-196400220, 1641500348, 28189965, 10.00),
(-181751803, 99988512, -394972371, 5.00),
(-158322092, -100393172, 203460269, 20.00),
(-153073622, 1641500348, -181720350, 10.01),
(-45362933, -2026605220, 157566709, 20.00),
(-37134214, -1620600655, -1936692814, 20.00),
(-33508842, -1620600655, 569868011, 100.00),
(30709962, 309290408, -1564030012, 10.00),
(108112955, -1620600655, 300337694, 10.00),
(109490885, 309290408, -311311150, 10.00),
(143551276, 412196224, -52265270, 15.00),
(144111102, 2050608912, 63175204, 10.00),
(163873391, 1955458064, 836253025, 15.00),
(199509641, 99988512, 1791765319, 12.00),
(216671894, 1823411373, -1290682844, 20.00),
(217232156, -1620600655, -1462213787, 10.01),
(244188831, 821598236, -602068480, 25.00),
(295794558, 309290408, -733885801, 10.00),
(303098180, 947846258, 136213839, 1.00),
(349721566, 99988512, 417234574, 30.00),
(355849759, 1823411373, 1035134916, 20.00),
(402912709, -1231426996, -1497209707, 5.00),
(416141264, 309290408, -1961619682, 5.00),
(594787225, 821598236, -1646651788, 10.00),
(606132352, 309290408, -1240624646, 10.00),
(613857934, 1823802841, -382205784, 0.01),
(614817367, 309290408, 2054597028, 10.00),
(690422068, 2050608912, -2130531657, 10.00),
(721580361, 677491161, 1982796856, 5.00),
(744156558, -1719884676, -1521985520, 100.00),
(752998861, 2050608912, -1352131425, 10.00),
(831258666, 677491161, 1852639035, 5.00),
(879833351, 821598236, -1539346778, 300.00),
(884367774, 309290408, 1020001661, 10.00),
(892542926, 1199874092, 1284934322, 10.00),
(940865105, -1620600655, 1455106867, 100.00),
(942702327, 947846258, 635704804, 10.00),
(975261811, 309290408, -2071781192, 5.00),
(999942601, -1620600655, 1815588493, 1.00),
(1049466525, 99988512, -2010295364, 100.00),
(1115152660, -1499440398, 1241390729, 15.00),
(1144459660, 309290408, -1384565971, 20.00),
(1198555052, -1620600655, 259090994, 20.00),
(1214665310, -1719884676, -1292922315, 10.00),
(1284432740, -1231426996, 659455232, 5.00),
(1356047893, -1499440398, 756068203, 10.00),
(1357779415, 309290408, 1629286548, 5.00),
(1404014677, 2050608912, -1812347223, 10.00),
(1415924724, 1823411373, -1651292495, 10.00),
(1439605715, -1499440398, -1759024639, 5.00),
(1488219878, 309290408, 1109879242, 10.00),
(1567621240, 821598236, 1680292129, 10.00),
(1614577159, 1568499291, -1646651788, 10.00),
(1630449508, -1620600655, -976714716, 10.00),
(1645586144, -1309551688, -1559470770, 20.00),
(1770371754, -1719884676, -1075371787, 101.00),
(1806797648, 947846258, 1833552039, 20.00),
(1827936647, -1620600655, -1562389699, 20.00),
(1888458938, 821598236, -1496358630, 20.00),
(2014102505, 309290408, -38289067, 10.00),
(2033085817, -1499440398, -303797694, 40.00),
(2097133982, 309290408, -382205784, 10.00),
(2112748174, 1641500348, 464152381, 50.00),
(746164961, 309290408, -1574666672, 20.00),
(2052132990, 309290408, -174237504, 10.00),
(208925143, -100393172, 1359904458, 10.00),
(-1066956516, 309290408, -50092367, 20.00),
(975559645, 947846258, 489431391, 20.00),
(620615726, -1499440398, -1829090003, 10.00),
(-2072892402, 1364469140, 1774940211, 10.00),
(2050866463, 1145211694, 1651989277, 50.00);

-- --------------------------------------------------------

--
-- Table structure for table `ChoiceOption`
--

CREATE TABLE IF NOT EXISTS `ChoiceOption` (
  `optionId` int(11) NOT NULL DEFAULT '0',
  `choiceId` int(11) DEFAULT NULL,
  `name` varchar(63) DEFAULT NULL,
  PRIMARY KEY (`optionId`),
  UNIQUE KEY `OptionNameUnique` (`choiceId`,`name`)
) ENGINE=MyISAM DEFAULT CHARSET=utf8;

--
-- Dumping data for table `ChoiceOption`
--

INSERT INTO `ChoiceOption` (`optionId`, `choiceId`, `name`) VALUES
(-2060017698, 1221500587, 'normal'),
(-2026605220, 2092144569, 'cthulu'),
(-1955105512, 327477904, 'soma all bosses'),
(-1951290632, -1271189024, 'word'),
(-1719884676, 1874624578, 'aqua'),
(-1676084309, 2092144569, 'derp'),
(-1672531889, -507672401, 'angel''s rain'),
(-1620600655, 1053302202, 'kh1'),
(-1499440398, -1271189024, 'epsy'),
(-1309551688, 1874624578, 'ventus'),
(-1304483525, -1271189024, 'rygert (rygt)'),
(-1231426996, 2092144569, 'nasir'),
(-1054750977, 2092144569, 'moishe'),
(-751837528, 1802104293, 'piewexil'),
(-552104141, -507672401, 'disco prince'),
(-405686300, -507672401, 'swing'),
(-372733854, 2092144569, 'isaac'),
(-352545273, 327477904, 'julius mode'),
(-317377255, 2092144569, 'thor'),
(-275338969, -1271189024, 'krys'),
(-108602457, 1221500587, 'buster-only'),
(-100393172, -1271189024, 'lunk'),
(79498239, -507672401, 'kuru kuru rock'),
(99988512, 1874624578, 'terra'),
(309290408, 1053302202, 'kh2'),
(373764868, -507672401, 'cowbear'),
(412196224, -1172129409, 'mario vs donkey kong'),
(677491161, -1271189024, 'akazaboo'),
(821598236, 1936732123, '100%'),
(947846258, 1155919392, 'toejam'),
(1130903097, -507672401, 'everlasting love'),
(1179630917, 914934789, 'no handgun'),
(1199874092, 2092144569, 'saturn'),
(1364469140, 1802104293, 'bananawing duckola'),
(1568499291, 2092144569, 'puns'),
(1641500348, -1172129409, 'donkey kong ''94'),
(1823411373, -1271189024, 'puns'),
(1823802841, 1936732123, 'any%'),
(1955458064, -1271189024, 'dink'),
(2037605446, 914934789, 'handgun'),
(2050608912, 1155919392, 'earl'),
(2062917101, -1271189024, 'boss'),
(542501108, -2014664236, 'chip'),
(1145211694, -2014664236, 'dale');

-- --------------------------------------------------------

--
-- Table structure for table `django_admin_log`
--

CREATE TABLE IF NOT EXISTS `django_admin_log` (
  `id` int(11) NOT NULL AUTO_INCREMENT,
  `action_time` datetime NOT NULL,
  `user_id` int(11) NOT NULL,
  `content_type_id` int(11) DEFAULT NULL,
  `object_id` longtext,
  `object_repr` varchar(200) NOT NULL,
  `action_flag` smallint(5) unsigned NOT NULL,
  `change_message` longtext NOT NULL,
  PRIMARY KEY (`id`),
  KEY `content_type_id_refs_id_288599e6` (`content_type_id`),
  KEY `user_id_refs_id_c8665aa` (`user_id`)
) ENGINE=MyISAM  DEFAULT CHARSET=utf8 AUTO_INCREMENT=15 ;

--
-- Dumping data for table `django_admin_log`
--

INSERT INTO `django_admin_log` (`id`, `action_time`, `user_id`, `content_type_id`, `object_id`, `object_repr`, `action_flag`, `change_message`) VALUES
(1, '2011-09-03 13:47:57', 1, 2, '1', 'Donation Admins', 1, ''),
(2, '2011-09-03 13:51:39', 1, 2, '1', 'Donation Admins', 2, 'Changed permissions.'),
(3, '2011-09-03 14:02:41', 1, 2, '2', 'Donation Readers', 1, ''),
(4, '2011-09-03 14:04:14', 1, 2, '1', 'Donation Admins', 2, 'Changed permissions.'),
(5, '2011-09-03 20:11:57', 1, 3, '2', 'ioti', 3, ''),
(6, '2011-09-04 00:10:54', 1, 19, '-2114826285', 'vvvvvv steam code 3', 2, 'Changed description.'),
(7, '2011-09-04 00:11:17', 1, 19, '800942489', 'None', 3, ''),
(8, '2011-09-04 00:12:47', 1, 19, '-2099819012', '10. sword kirby plushie', 2, 'Changed description.'),
(9, '2011-09-04 00:12:51', 1, 19, '-2099819012', '10. sword kirby plushie', 2, 'No fields changed.'),
(10, '2011-09-05 14:41:07', 1, 2, '3', 'Bid Updaters', 1, ''),
(11, '2011-09-05 15:48:45', 1, 3, '3', 'cyberbotx', 1, ''),
(12, '2011-09-05 15:50:03', 1, 3, '3', 'cyberbotx', 2, 'Changed groups.'),
(13, '2011-09-05 16:00:35', 1, 3, '3', 'cyberbotx', 2, 'Changed is_staff.'),
(14, '2011-09-05 17:16:44', 3, 12, '1802104293', 'startropics -- banana or pie', 2, 'Changed speedRun.');

-- --------------------------------------------------------

--
-- Table structure for table `django_content_type`
--

CREATE TABLE IF NOT EXISTS `django_content_type` (
  `id` int(11) NOT NULL AUTO_INCREMENT,
  `name` varchar(100) NOT NULL,
  `app_label` varchar(100) NOT NULL,
  `model` varchar(100) NOT NULL,
  PRIMARY KEY (`id`),
  UNIQUE KEY `app_label` (`app_label`,`model`)
) ENGINE=MyISAM  DEFAULT CHARSET=utf8 AUTO_INCREMENT=22 ;

--
-- Dumping data for table `django_content_type`
--

INSERT INTO `django_content_type` (`id`, `name`, `app_label`, `model`) VALUES
(1, 'permission', 'auth', 'permission'),
(2, 'group', 'auth', 'group'),
(3, 'user', 'auth', 'user'),
(4, 'message', 'auth', 'message'),
(5, 'content type', 'contenttypes', 'contenttype'),
(6, 'session', 'sessions', 'session'),
(7, 'site', 'sites', 'site'),
(8, 'log entry', 'admin', 'logentry'),
(9, 'bid state', 'tracker', 'bidstate'),
(10, 'challenge', 'tracker', 'challenge'),
(11, 'challenge bid', 'tracker', 'challengebid'),
(12, 'choice', 'tracker', 'choice'),
(13, 'choice option', 'tracker', 'choiceoption'),
(14, 'donation', 'tracker', 'donation'),
(15, 'donation bid state', 'tracker', 'donationbidstate'),
(16, 'donation domain', 'tracker', 'donationdomain'),
(17, 'donation read state', 'tracker', 'donationreadstate'),
(18, 'donor', 'tracker', 'donor'),
(19, 'prize', 'tracker', 'prize'),
(20, 'speed run', 'tracker', 'speedrun'),
(21, 'Choice Bid', 'tracker', 'choicebid');

-- --------------------------------------------------------

--
-- Table structure for table `django_session`
--

CREATE TABLE IF NOT EXISTS `django_session` (
  `session_key` varchar(40) NOT NULL,
  `session_data` longtext NOT NULL,
  `expire_date` datetime NOT NULL,
  PRIMARY KEY (`session_key`)
) ENGINE=MyISAM DEFAULT CHARSET=utf8;

--
-- Dumping data for table `django_session`
--

INSERT INTO `django_session` (`session_key`, `session_data`, `expire_date`) VALUES
('07fa7d85e6d0f012f5a56c5753bbfc24', 'MzMxNzlmZDkzOGJjODI0ZmE2MTczMTYxM2ZiNDYyYTEzNDRiMzBhZTqAAn1xAShVEl9hdXRoX3Vz\nZXJfYmFja2VuZHECVSlkamFuZ28uY29udHJpYi5hdXRoLmJhY2tlbmRzLk1vZGVsQmFja2VuZHED\nVQ1fYXV0aF91c2VyX2lkcQSKAQF1Lg==\n', '2011-09-19 15:46:00'),
('5a708d92ac0eaa07cebebe2b00a747d8', 'MzMxNzlmZDkzOGJjODI0ZmE2MTczMTYxM2ZiNDYyYTEzNDRiMzBhZTqAAn1xAShVEl9hdXRoX3Vz\nZXJfYmFja2VuZHECVSlkamFuZ28uY29udHJpYi5hdXRoLmJhY2tlbmRzLk1vZGVsQmFja2VuZHED\nVQ1fYXV0aF91c2VyX2lkcQSKAQF1Lg==\n', '2011-09-18 13:12:49'),
('ea0bdd536bec0a75ba41154595438a92', 'OGVmNDgzYTg5ODJmMTc0OWIxY2UwOGNjOTk3NTMxMzk5NGQ0ZDczNzqAAn1xAS4=\n', '2011-09-17 23:31:53'),
('9a7b1fd029c383fd6ad2cb29c9213373', 'YTZkMmY4MTcwZTU3NTA3MTVhNDhhZjBlZmEwMDM1N2VkNGE4MjAxZjqAAn1xAShVEl9hdXRoX3Vz\nZXJfYmFja2VuZHECVSlkamFuZ28uY29udHJpYi5hdXRoLmJhY2tlbmRzLk1vZGVsQmFja2VuZHED\nVQ1fYXV0aF91c2VyX2lkcQSKAQN1Lg==\n', '2011-09-19 16:29:58'),
('cec1eaf5ab03153013e1f2d76e19d59c', 'OGVmNDgzYTg5ODJmMTc0OWIxY2UwOGNjOTk3NTMxMzk5NGQ0ZDczNzqAAn1xAS4=\n', '2011-09-18 01:00:52');

-- --------------------------------------------------------

--
-- Table structure for table `django_site`
--

CREATE TABLE IF NOT EXISTS `django_site` (
  `id` int(11) NOT NULL AUTO_INCREMENT,
  `domain` varchar(100) NOT NULL,
  `name` varchar(50) NOT NULL,
  PRIMARY KEY (`id`)
) ENGINE=MyISAM  DEFAULT CHARSET=utf8 AUTO_INCREMENT=2 ;

--
-- Dumping data for table `django_site`
--

INSERT INTO `django_site` (`id`, `domain`, `name`) VALUES
(1, 'example.com', 'example.com');

-- --------------------------------------------------------

--
-- Table structure for table `Donation`
--

CREATE TABLE IF NOT EXISTS `Donation` (
  `donationId` int(11) NOT NULL DEFAULT '0',
  `donorId` int(11) DEFAULT NULL,
  `domain` varchar(16) DEFAULT NULL,
  `domainId` varchar(160) DEFAULT NULL,
  `bidState` varchar(16) DEFAULT NULL,
  `readState` varchar(16) DEFAULT NULL,
  `amount` decimal(19,2) DEFAULT NULL,
  `timeReceived` datetime DEFAULT NULL,
  `comment` varchar(4096) DEFAULT NULL,
  PRIMARY KEY (`donationId`),
  UNIQUE KEY `DonationDomainIdUnique` (`domain`,`domainId`),
  KEY `DonationFKDonor` (`donorId`),
  KEY `DonationFKBidState` (`bidState`),
  KEY `DonationFKReadState` (`readState`)
) ENGINE=MyISAM DEFAULT CHARSET=utf8;

--
-- Dumping data for table `Donation`
--

INSERT INTO `Donation` (`donationId`, `donorId`, `domain`, `domainId`, `bidState`, `readState`, `amount`, `timeReceived`, `comment`) VALUES
(-2130531657, -20256232, 'CHIPIN', '1312504853000kimmtl@msn.com', 'PROCESSED', 'COMMENT_READ', 10.00, '2011-08-04 18:40:53', 'This is a donation for a watermelon style cape color which is Exterior: R:13, G:31, B:3 and Lining: R:28, G:13, B:12. It isn''t enough for a change but I hope more people will donate so we can have a watermelon-flavored Alucard and bat'),
(-2125369545, 1008030723, 'CHIPIN', '1312561805000vogt@cs.ualberta.ca', 'PENDING', 'COMMENT_READ', 20.00, '2011-08-05 10:30:05', '$20 for Spanish, because *IT''S THE ONLY LANGUAGE ON THAT LIST THAT I DON''T SPEAK*! (I''m sure you''d butcher English, too. Please save my ears) --Poxnor'),
(-2115864420, 93525326, 'CHIPIN', '1312490174000zagrod@flammablestudios.com', 'PENDING', 'AMOUNT_READ', 5.00, '2011-08-04 14:36:14', NULL),
(-2104965817, -740510355, 'CHIPIN', '1312605811000pfhoraphobia@gmail.com', 'PENDING', 'COMMENT_READ', 5.00, '2011-08-05 22:43:31', 'Good stuff running VVVVVVV, shoutout to terry for making a great game and shoutout to souleye for making the music as well as an amazing custom level called "A new dimension". Everybody go try that out.'),
(-2098100409, 558426569, 'CHIPIN', '1312501614000nirvana_live_2000@hotmail.com', 'PENDING', 'AMOUNT_READ', 5.00, '2011-08-04 17:46:54', NULL),
(-2097860417, -616824464, 'CHIPIN', '1312582056000mike_ckd@hotmail.co.uk', 'PROCESSED', 'COMMENT_READ', 30.00, '2011-08-05 16:07:36', 'I''ve never played a Kingdom Hearts, but go KH2! Always root for the underdogs.'),
(-2097657602, 213209403, 'CHIPIN', '1312601563000jefferlope@yahoo.com', 'PENDING', 'COMMENT_READ', 5.00, '2011-08-05 21:32:43', 'You didn''t die, Brossentia, so here''s $5. =) ~Jefferlope'),
(-2096650377, 357312643, 'CHIPIN', '1312486308000shayne.t.hill@gmail.com', 'PENDING', 'COMMENT_READ', 20.00, '2011-08-04 13:31:48', 'Great job so far, and I hope you guys demolish your goal several times over. Please put my $20 toward the MM9 Buster Only run. - SN64'),
(-2087332401, 1860079105, 'CHIPIN', '1312581175000boyn64@aol.com', 'PENDING', 'COMMENT_READ', 5.00, '2011-08-05 15:52:55', 'I think the fastest way to start an argument is asking of Ocarina of Time or Majora''s Mask is better.'),
(-2085417236, -368500037, 'CHIPIN', '1312574922000uraniumanchor@gmail.com', 'PENDING', 'COMMENT_READ', 78.54, '2011-08-05 14:08:42', 'I was going to make this an even $7500 but somebody threw in $20 while I was writing the comment! Not complaining, mind you.'),
(-2076531808, 85808971, 'CHIPIN', '1312610868000tropicho@hotmail.com', 'PENDING', 'COMMENT_READ', 50.00, '2011-08-06 00:07:48', '50$ for an awesome run of the final cave'),
(-2071781192, -1203253689, 'CHIPIN', '1312582756000kaedenn@gmail.com', 'PROCESSED', 'COMMENT_READ', 5.00, '2011-08-05 16:19:16', 'KH2 pl0x. JMAN I LOVE YOU but only because Breakdown isn''t here :(.'),
(-2068567188, 1993407651, 'CHIPIN', '1312498876000toothache42@gmail.com', 'PROCESSED', 'COMMENT_READ', 10.00, '2011-08-04 17:01:16', 'Toothache here. 1 more trinket for the VVVVVV run. Gotta throw my hard hat into the ring for that Met hat!'),
(-2054123325, 400235202, 'CHIPIN', '1312612811000ikomasoji@gmail.com', 'PENDING', 'COMMENT_READ', 20.00, '2011-08-06 00:40:11', 'Towards KH2 because it seemed like the runners wanted to run it the most, and the race seems fun. Also towards the Mr. T perler!'),
(-2010295364, 510294341, 'CHIPIN', '1312482507000boynn64@aol.com', 'PROCESSED', 'COMMENT_READ', 100.00, '2011-08-04 12:28:27', 'Put my $100 for playing as Terra in Birth By Sleep. Terra is one of my favorite characters in the seris, and plus we need to hear Master Xeanort say "Get off of my lawn."'),
(-1998137005, -76160587, 'CHIPIN', '1312586988000cryptlord14@yahoo.com', 'PENDING', 'COMMENT_READ', 10.00, '2011-08-05 17:29:48', 'Let''s go Gombill! Sub 55! Easy, everytime! ~ Twig'),
(-1982904967, 213209403, 'CHIPIN', '1312586078000jefferlope@yahoo.com', 'PENDING', 'COMMENT_READ', 5.00, '2011-08-05 17:14:38', 'Here''s $5. Keep up the great work guys! ~Jefferlope'),
(-1978492547, -124084627, 'CHIPIN', '1312499877000bahamutdragons@yahoo.com', 'PENDING', 'COMMENT_READ', 5.00, '2011-08-04 17:17:57', 'More marathons, more money! BTW, are the videos for the last marathon ever going to be published? What about this one? Thanks a bunch!'),
(-1976270402, 334747921, 'CHIPIN', '1312592465000m.r.uttaro@gmail.com', 'PENDING', 'COMMENT_READ', 0.01, '2011-08-05 19:01:05', 'LOL. I was about to comment on you missing the other part of my comment, but you got it. Good job.'),
(-1970569313, -138074251, 'CHIPIN', '1312485327000creamola@yahoo.com', 'PENDING', 'COMMENT_READ', 35.00, '2011-08-04 13:15:27', 'Hi DW, remember me? Same amount as last time for Bananawing Duckola ;)'),
(-1961619682, 1290804767, 'CHIPIN', '1312493962000jj@cerebraltech.com', 'PROCESSED', 'COMMENT_READ', 5.00, '2011-08-04 15:39:22', 'Let''s give KH2 some love.'),
(-1944354283, 563913968, 'CHIPIN', '1312501047000peterknutsson@hotmail.com', 'PENDING', 'COMMENT_READ', 20.00, '2011-08-04 17:37:27', 'For NESbot, the little cardboard box that almost could! All hail the mighty cardboard box!'),
(-1936692814, 187716383, 'CHIPIN', '1312482765000ninja_kirby@hotmail.com', 'PROCESSED', 'COMMENT_READ', 20.00, '2011-08-04 12:32:45', '$20 from Izzy here towards the great cause ^^ Wishing for a great Marathon!'),
(-1930323085, -1256465749, 'CHIPIN', '1312607624000purpledragonlord@hotmail.com', 'PENDING', 'COMMENT_READ', 5.00, '2011-08-05 23:13:44', 'Donating again to make up for lost time on the last marathons. Continuously entertaining and for a great cause. Except for a 5 hour sleep break have been watching it since it began and will see it to the end.'),
(-1925784936, 1977254389, 'CHIPIN', '1312607292000doctordos@gmail.com', 'PENDING', 'COMMENT_READ', 10.00, '2011-08-05 23:08:12', 'Cave Story is the game I look forward to most in these marathons. Here''s $10 for a chance at those awesome perlers and also to add a little more to "Lunk" for link to the past! Keep up the great work! - Dr. Dos'),
(-1920940158, 108240781, 'CHIPIN', '1312602349000benkeedy@gmail.com', 'PENDING', 'COMMENT_READ', 20.00, '2011-08-05 21:45:49', 'take my money and throw it at autism''s face'),
(-1910982286, 1178179949, 'CHIPIN', '1312612483000monarxthefox@hotmail.com', 'PENDING', 'COMMENT_READ', 10.00, '2011-08-06 00:34:43', 'I''d like to put my $10 to KH2 in the final game, because races are awesome, and so are you guys!'),
(-1902993910, 1285026303, 'CHIPIN', '1312505516000cwsatoryu@gmail.com', 'PENDING', 'COMMENT_READ', 30.00, '2011-08-04 18:51:56', 'Good luck over there guys! Sorry I couldn''t be there, but I''ll be at AGDQ2 for sure. And put my donation towards the SotN cloak. Yellow cloak and brighter-yellow liner. Let''s go Bananacard!'),
(-1895775252, -1430847285, 'CHIPIN', '1312494477000aalvarez0909@gmail.com', 'PENDING', 'COMMENT_READ', 5.00, '2011-08-04 15:47:57', 'Hey guys, I found AGDQ at the start of my summer and it started off things right, so I''m glad SGDQ is here to end my summer. Amazing runs you all are doing and for a great cause. Put these five towards MM9 buster only.'),
(-1889153037, -1848182435, 'CHIPIN', '1312582873000kingzog@gmail.com', 'PROCESSED', 'COMMENT_READ', 101.00, '2011-08-05 16:21:13', 'Who''s Moishe? Link''s Minish Cap name should clearly be "THOR". Let this money help make it so.'),
(-1876991263, 1008030723, 'CHIPIN', '1312572096000vogt@cs.ualberta.ca', 'PENDING', 'COMMENT_READ', 10.00, '2011-08-05 13:21:36', 'Kirby = too cute! MercuryZelda is too wonderful for giving these cute plushies away :) --Poxnor'),
(-1872447386, 1715033523, 'CHIPIN', '1312502790000alf216@gmail.com', 'PENDING', 'AMOUNT_READ', 15.00, '2011-08-04 18:06:30', NULL),
(-1847048924, -76160587, 'CHIPIN', '1312590638000cryptlord14@yahoo.com', 'PENDING', 'COMMENT_READ', 20.00, '2011-08-05 18:30:38', 'Nice run Gombill! Loved the manning up on CCM 100. Beautiful run given the pressure. Gombill is king! ~ Twig'),
(-1847020687, -948455496, 'CHIPIN', '1312587747000cavell@physics.utexas.edu', 'PROCESSED', 'COMMENT_READ', 20.00, '2011-08-05 17:42:27', 'Put this toward Mirror''s Edge weaponless. Also, how much for a reenactment of or sequel to "Alternative Beast"?'),
(-1840401405, -1175024214, 'CHIPIN', '1312605163000darkwinter2424@gmail.com', 'PENDING', 'COMMENT_READ', 5.00, '2011-08-05 22:32:43', 'This is for the VVVVVV poster and also because your skills are amazing. w00t'),
(-1829457828, 105133043, 'CHIPIN', '1312546065000bigmadtony@gmail.com', 'PENDING', 'COMMENT_READ', 5.00, '2011-08-05 06:07:45', 'Oh my god, JC. A bomb.'),
(-1828041841, 974344307, 'CHIPIN', '1312578574000morecrunk@gmail.com', 'PROCESSED', 'COMMENT_READ', 15.00, '2011-08-05 15:09:34', 'Hey guys this is for KH1, also those poor controllers that get abused by speedrunners daily, where''s their marathon?'),
(-1825745068, -1536307313, 'CHIPIN', '1312583613000legendofmana@imamyth.com', 'PROCESSED', 'COMMENT_READ', 10.00, '2011-08-05 16:33:33', 'Gimme the Kirby Sword powers PLUSHIE. Also, money towards ToeJam, because he needs love.'),
(-1818427751, -679819451, 'CHIPIN', '1312587120000ibuythings@hotmail.co.uk', 'PENDING', 'COMMENT_READ', 5.00, '2011-08-05 17:32:00', 'good luck to gombill on the run, yo gimme the wing cap ~ shoutouts to srl and sda love from sicko san'),
(-1815124909, -1584726242, 'CHIPIN', '1312508022000cyberbotx@cyberbotx.com', 'PROCESSED', 'COMMENT_READ', 10.00, '2011-08-04 19:33:42', 'This is going towards Link''s name in The Minish Cap to be Isaac (as in from Golden Sun). Only because Mike mentioned that Minish Cap has a 6 character limit to me. :P'),
(-1812347223, -969047657, 'CHIPIN', '1312581730000emptyeye@juno.com', 'PROCESSED', 'COMMENT_READ', 15.00, '2011-08-05 16:02:10', 'Collective donation from Mr. and Mrs. Emptyeye! Mrs. Emptyeye would like $5 of this to go toward Kingdom Hearts 2. As for the other $10, let''s put that toward Earl in Panic on Funkotron. Because he has the top-tier walk...so cool...so laid back.'),
(-1810022089, 1899809098, 'CHIPIN', '1312578383000nickbenzie@hotmail.co.uk', 'PENDING', 'COMMENT_READ', 50.00, '2011-08-05 15:06:23', 'Epic Yarn is epic! I myself have Asperger''s Syndrome; it is a relatively mild form of autism but it has nonetheless had a huge impact on my life.'),
(-1808121443, -63817549, 'CHIPIN', '1312565053000ritterad@yahoo.com', 'PENDING', 'COMMENT_READ', 15.00, '2011-08-05 11:24:13', 'I''d love to hear some English, Austrian-style. Schwarzenegger time.'),
(-1806568480, 1993407651, 'CHIPIN', '1312550869000toothache42@gmail.com', 'PENDING', 'COMMENT_READ', 10.00, '2011-08-05 07:27:49', 'Toothache here! Bidding to change the language in Rayman 2 to Spanish, hoping to see you go Arriba Arriba!'),
(-1802533952, -1034899523, 'CHIPIN', '1312516946000rakuen42@gmail.com', 'PENDING', 'COMMENT_READ', 20.00, '2011-08-04 22:02:26', 'Hey everyone, great marathon up to this point, and we''ve almost hit 1/3 of the goal already! I can''t stick around for the rest, but I wish you the best of luck in shattering another donation goal!'),
(-1801199862, -1848182435, 'CHIPIN', '1312504516000kingzog@gmail.com', 'PROCESSED', 'COMMENT_READ', 100.00, '2011-08-04 18:35:16', 'Keep up the puns! Also put this towards whatever you need for the rest of the VVVVVV trinkets, and the rest towards Julius on Dawn of Sorrow'),
(-1784512195, -403339124, 'CHIPIN', '1312484381000mattstankey@gmail.com', 'PENDING', 'COMMENT_READ', 5.00, '2011-08-04 12:59:41', 'For the 41:19 blaster master run that will never be seen on SDA. Good stuff in the run UA and gl to everyone else!'),
(-1779614243, 395763787, 'CHIPIN', '1312573306000n_ranta@hotmail.com', 'PENDING', 'COMMENT_READ', 10.00, '2011-08-05 13:41:46', 'Shoutout to everypony who understands what that just meant. I want that plushie... :)'),
(-1765796825, 985524637, 'CHIPIN', '1312601385000zflynn@mail.bradley.edu', 'PENDING', 'COMMENT_READ', 10.00, '2011-08-05 21:29:45', 'Love your work guys! Had to donate now, gonna be gone the rest of the weekend which is a drag. Hope the videos will put up in some timely fashion. All your base belong to us!'),
(-1759024639, 770615906, 'CHIPIN', '1312523290000panwyatt@gmail.com', 'PROCESSED', 'COMMENT_READ', 5.00, '2011-08-04 23:48:10', '$5 for EPSY for Zelda: A Link to the Past. Donations backing tgchan and shark week! Love you guys, and your efforts. -Insomnia'),
(-1758351272, -569036343, 'CHIPIN', '1312556572000poisontrooper@hotmail.com', 'PENDING', 'COMMENT_READ', 10.00, '2011-08-05 09:02:52', 'Thank you for the fun ~ Greetings from Germany ~'),
(-1755182431, -1123387506, 'CHIPIN', '1312499558000dialdereth@yahoo.com', 'PENDING', 'COMMENT_READ', 5.00, '2011-08-04 17:12:38', 'I really want that Met Hat!'),
(-1752012497, 828910168, 'CHIPIN', '1312532456000kyle_halversen@hotmail.com', 'PENDING', 'COMMENT_READ', 10.00, '2011-08-05 02:20:56', 'Yay E.V.O.! This should be in every marathon.'),
(-1751075403, 400289549, 'CHIPIN', '1312537416000unforgiven_ii@web.de', 'PENDING', 'COMMENT_READ', 5.00, '2011-08-05 03:43:36', 'Awesome, thanks guys!'),
(-1749343229, -1584726242, 'CHIPIN', '1312570424000cyberbotx@cyberbotx.com', 'PENDING', 'COMMENT_READ', 60.00, '2011-08-05 12:53:44', 'Decided to fill the gap for the Kirby Super Star donations. $20 to Gourmet Race and $40 to Arena power changing.'),
(-1743712841, 1220042836, 'CHIPIN', '1312539347000vgzerstorung@yahoo.com', 'PROCESSED', 'COMMENT_READ', 10.00, '2011-08-05 04:15:47', 'o also $10 for the Link to the Past filename to be KRYS (krystal)'),
(-1719260723, -1852799018, 'CHIPIN', '1312590630000htl2001@gmail.com', 'PENDING', 'AMOUNT_READ', 10.00, '2011-08-05 18:30:30', NULL),
(-1718597916, 1008030723, 'CHIPIN', '1312489258000vogt@cs.ualberta.ca', 'PROCESSED', 'COMMENT_READ', 10.00, '2011-08-04 14:20:58', 'I''ve never played Birth by Sleep, and I don''t know who or what "Terra" is. But, because it seems to make Essentia happy, please put this $10 towards a Terra run. --Poxnor'),
(-1713017603, 670825845, 'CHIPIN', '1312485079000puzzleinlay321@yahoo.com', 'PENDING', 'COMMENT_READ', 5.00, '2011-08-04 13:11:19', 'I''m just wondering if any of you at the place where you are (or the people in the chat) have ever played / heard of Spiral Knights. It''s really awesome.'),
(-1703669460, -1903262445, 'CHIPIN', '1312486058000cgibson1976@comcast.net', 'PENDING', 'COMMENT_READ', 30.00, '2011-08-04 13:27:38', 'Pie Piewexil please. Bananas vs Piewexil Round 1....Fight! Bananasa wins....flawless victory'),
(-1689795341, 812300436, 'CHIPIN', '1312549438000coolmatt@sorrowind.net', 'PENDING', 'COMMENT_READ', 1.00, '2011-08-05 07:03:58', 'Just to be overly technical, I''d consider Sonic CD to actually be Sonic''s first real foray into 3D, at the special stages. Sonic 2''s special stages are close to 3D as well, but you can only move in two directions.'),
(-1688838201, -68558618, 'CHIPIN', '1312544945000jjjoosshhh@aol.com', 'PENDING', 'COMMENT_READ', 8.00, '2011-08-05 05:49:05', 'Keep being awesome! Love me some Dynamite Headdy! Hope to win the plushie'),
(-1687860812, 380936787, 'CHIPIN', '1312420146000soupaloop2000@yahoo.com', 'PROCESSED', 'COMMENT_READ', 5.00, '2011-08-03 19:09:06', 'MarkSoupial here. I''m donating now because I probably won''t be able to watch any of the marathon. Don''t forget to remind people where to comment if they want y''all to see it. Good luck and Godspeedrunning.'),
(-1687495410, 1993407651, 'CHIPIN', '1312607646000toothache42@gmail.com', 'PENDING', 'COMMENT_READ', 5.00, '2011-08-05 23:14:06', 'Toothache here. Time zones are a pain, but I managed to get up in time for this game. Throwing in some to get a chance at those perlers. Good luck with Cave Story.'),
(-1676896691, 1168361227, 'CHIPIN', '1312604995000dballin4@gmail.com', 'PENDING', 'COMMENT_READ', 5.00, '2011-08-05 22:29:55', 'I want to win me some prizes! ALso GOOOOOOOOO TERRA! I''m a little less excited now that I''ve found out Terra is actually a guy but still need to troll donate or I wouldn''t know what to do with myself.'),
(-1674919274, 812300436, 'CHIPIN', '1312488165000coolmatt@sorrowind.net', 'PENDING', 'COMMENT_READ', 75.00, '2011-08-04 14:02:45', 'Bananawing Duckola donation. You can tell him that there''s not enough money in the world that will get him out of the duckola!'),
(-1667700775, -345855159, 'CHIPIN', '1312572826000rpgmatthew@gmail.com', 'PENDING', 'COMMENT_READ', 15.00, '2011-08-05 13:33:46', 'I hearby bless this speedrun; get it? Because of my last name. LOLOLOLOLOL'),
(-1665766554, 812300436, 'CHIPIN', '1312558694000coolmatt@sorrowind.net', 'PENDING', 'COMMENT_READ', 20.00, '2011-08-05 09:38:14', 'Right team: $20 for boomerang only on a stage (except boss), OR any arena if they won''t do that.'),
(-1663029066, -175208985, 'CHIPIN', '1312590913000yoshifan@gmail.com', 'PENDING', 'COMMENT_READ', 30.00, '2011-08-05 18:35:13', 'Thanks for the amazing Super Mario 64 run, Gombill! I''ll donate for Katamari on the Swing for the last stage. Best of luck to Arrow!'),
(-1658078038, 745724163, 'CHIPIN', '1312577068000hellotherefriend52@hotmail.com', 'PENDING', 'COMMENT_READ', 5.00, '2011-08-05 14:44:28', 'NXRunner here, throwing my money in for Autism Research and the Prince Fluff plushie, will be donating again later for Sword Kaabi as well. Enjoying the marathon, as always - good show!'),
(-1654442510, 953328597, 'CHIPIN', '1312513853000sacredskullkid@gmail.com', 'PENDING', 'COMMENT_READ', 10.00, '2011-08-04 21:10:53', '(Mecha Richter) Put this towards the watermelon colors for SOTN. Also, looking forward to the SOTN run and the fast food dashing. :P'),
(-1651292495, -1584726242, 'CHIPIN', '1312614361000cyberbotx@cyberbotx.com', 'PROCESSED', 'COMMENT_READ', 10.00, '2011-08-06 01:06:01', 'Well, I want to get in the running for the Mr. T perler, and while I''m at it, yet another $10 to Puns for ALttP, gotta try to make it win!'),
(-1646651788, -1584726242, 'CHIPIN', '1312506005000cyberbotx@cyberbotx.com', 'PROCESSED', 'COMMENT_READ', 20.00, '2011-08-04 19:00:05', 'This is for A Link to the Past. $10 towards 100% and $10 towards Puns for the name of Link. :P'),
(-1644418672, -775629014, 'CHIPIN', '1312607744000captainsetback@yahoo.com', 'PENDING', 'AMOUNT_READ', 10.00, '2011-08-05 23:15:44', NULL),
(-1643567638, 2061007376, 'CHIPIN', '1312518819000randiserinio@gmail.com', 'PENDING', 'COMMENT_READ', 10.00, '2011-08-04 22:33:39', 'Punch FOREVER.'),
(-1636087677, -1278524103, 'CHIPIN', '1312605908000carroll.david.s@gmail.com', 'PENDING', 'COMMENT_READ', 10.00, '2011-08-05 22:45:08', 'Good work on VVVVVV! Good luck tomorrow, Tranquilite! Beat that guy who we don''t know who he is!'),
(-1631185671, -1899174503, 'CHIPIN', '1312566010000jercos@jercos.dyndns.org', 'PENDING', 'COMMENT_READ', 20.00, '2011-08-05 11:40:10', 'Let''s hear an aussie Chewbacca :D'),
(-1629602717, -996608574, 'CHIPIN', '1312605168000rjt210@lehigh.edu', 'PENDING', 'COMMENT_READ', 5.00, '2011-08-05 22:32:48', 'In for the VVVVVV prizes! And put this towards Toejam!'),
(-1612236510, -2137743675, 'CHIPIN', '1312600654000andrewianjames@gmail.com', 'PENDING', 'COMMENT_READ', 25.00, '2011-08-05 21:17:34', 'Bro-ssentia, on the level Kate when you get to the bottom of the stairwell/lobby area, I expect you to jump backwards to the loading zone while flipping the guards off :). Gets you mad Style Points.'),
(-1612062601, -506297312, 'CHIPIN', '1312564030000bigbadfox@gmail.com', 'PENDING', 'COMMENT_READ', 10.00, '2011-08-05 11:07:10', 'Towards an Australian accent, because those surfboarding, sunloving bastards deserve it!'),
(-1598604772, 1291620624, 'CHIPIN', '1312605763000joshuajnepa@gmail.com', 'PENDING', 'COMMENT_READ', 10.00, '2011-08-05 22:42:43', 'If someone will make a single donation of $50, I will make my own additional $50 for the cause! Come on and make a great donation for a great cause!'),
(-1594396385, 1094908735, 'CHIPIN', '1312513467000emily.lizzi@yahoo.com', 'PENDING', 'COMMENT_READ', 10.00, '2011-08-04 21:04:27', 'Great job everyone so far! Throwing this $10 in for Watermelon cape on Alucard. Good luck romscout!'),
(-1593649317, 1215596856, 'CHIPIN', '1312515984000tinusss_@hotmail.com', 'PENDING', 'AMOUNT_READ', 10.00, '2011-08-04 21:46:24', NULL),
(-1579582764, -2137743675, 'CHIPIN', '1312595348000andrewianjames@gmail.com', 'PENDING', 'COMMENT_READ', 15.00, '2011-08-05 19:49:08', 'Lets see $15 worth of dancing :P'),
(-1578994844, -964160322, 'CHIPIN', '1312586940000shrapnel.city@gmail.com', 'PROCESSED', 'COMMENT_READ', 20.00, '2011-08-05 17:29:00', 'I''m not sure if VVVVVV needs any more money for all trinkets (last I heard it still needed $10, but that was yesterday). So put as much of this $20 as needed towards that, and the rest towards Mirror''s Edge Weaponless. Here''s to a world where we have a better understanding of Autism. Let''s hope it''s not too far away...'),
(-1571919355, -142884421, 'CHIPIN', '1312607532000wyatt_mann@yahoo.com', 'PENDING', 'COMMENT_READ', 5.00, '2011-08-05 23:12:12', 'Looking forward to yet another stellar run by Nitrodon! Keep up the awesomeness!'),
(-1569506855, 1232524713, 'CHIPIN', '1312611591000mail.jwschroeder@gmail.com', 'PENDING', 'AMOUNT_READ', 50.00, '2011-08-06 00:19:51', NULL),
(-1567416254, -1289276625, 'CHIPIN', '1312538784000mrschanandler@yahoo.com', 'PENDING', 'COMMENT_READ', 10.00, '2011-08-05 04:06:24', 'love you guys great work keep it up :D'),
(-1567335148, -1584726242, 'CHIPIN', '1312496809000cyberbotx@cyberbotx.com', 'PROCESSED', 'COMMENT_READ', 50.00, '2011-08-04 16:26:49', 'This is for 5 more trinkets in VVVVVV for Tranquilite to get, hopefully we can get enough to see him go for Veni Vidi Vici. :P'),
(-1564030012, 1681245842, 'CHIPIN', '1312580600000eric.c.glaeser@gmail.com', 'PROCESSED', 'COMMENT_READ', 10.00, '2011-08-05 15:43:20', 'Did it for the plushie... and KH2.'),
(-1562389699, 1290804767, 'CHIPIN', '1312574576000jj@cerebraltech.com', 'PROCESSED', 'COMMENT_READ', 20.00, '2011-08-05 14:02:56', 'Kirby!!!!! Also put this towards KH1. - dopefish'),
(-1559470770, 348267663, 'CHIPIN', '1312482824000garlyle@gmail.com', 'PROCESSED', 'COMMENT_READ', 20.00, '2011-08-04 12:33:44', 'Good luck to everyone, especially my speedrunning bud Zyre. Put this towards Ventus Story in Birth By Sleep'),
(-1540593456, 409156889, 'CHIPIN', '1312532975000hubbard.houston@gmail.com', 'PENDING', 'COMMENT_READ', 25.00, '2011-08-05 02:29:35', 'Thanks for the great entertainment. I think you guys are doing a great thing. Keep up the good work!'),
(-1539346778, -928409741, 'CHIPIN', '1312480965000e.m.hibbs@gmail.com', 'PROCESSED', 'COMMENT_READ', 300.00, '2011-08-04 12:02:45', 'This donation is made up of the money generated by my AGDQ 2011 donation stream, and some extra for good measure. To anyone who donated to my stream, rest assured that your money has gone to a worthy cause. This donation goes towards two goals: Seeing a 100% run of LttP... do Krystal proud! And mOAR impOARtantly, to the charity, in the hopes that they can generate mOAR public awareness of the true nature of Autism. Yes, these puns are hOARrible. UltraJMan, come at me bro. -Eric'),
(-1536695961, -969047657, 'CHIPIN', '1312508328000emptyeye@juno.com', 'PENDING', 'COMMENT_READ', 25.00, '2011-08-04 19:38:48', 'Duckfist reppin'' the MMX crew with style. 3 I should pick something to apply this to. It takes a confident man to rock a pink cloak/purple liner combo, so let''s go with that.'),
(-1525317134, -1213613564, 'CHIPIN', '1312605082000makimakimakimaki@gmail.com', 'PENDING', 'COMMENT_READ', 5.00, '2011-08-05 22:31:22', 'awesome job in VVVVVV! good luck in the gravitron. hope i win a perler'),
(-1523609177, -466940326, 'CHIPIN', '1312554689000vegeta_fan2005@gmx.de', 'PENDING', 'COMMENT_READ', 10.00, '2011-08-05 08:31:29', 'Hey guys. This is my third marathon. As always you''re all doing a great job, I really appreciate it. Keep up the awesome work. Grettings from Germany'),
(-1521985520, 1860079105, 'CHIPIN', '1312489554000boyn64@aol.com', 'PROCESSED', 'COMMENT_READ', 100.00, '2011-08-04 14:25:54', 'Put this more towards Aqua. See Essentia, I AM on your side.'),
(-1508511150, 395763787, 'CHIPIN', '1312576968000n_ranta@hotmail.com', 'PENDING', 'COMMENT_READ', 5.00, '2011-08-05 14:42:48', 'I guess I''ll donate a bit for Fluff as well... And since I haven''t said it in my earlier comments, you''re awesome for doing this and so on. You''re the men and the woman (no offence if there''s more than one, they are as well :P)'),
(-1508477917, 1311505427, 'CHIPIN', '1312562660000rrtycoon2@yahoo.com', 'PENDING', 'COMMENT_READ', 10.00, '2011-08-05 10:44:20', '10 to finish Spring breeze, or toward gourmet if Spring is already finished when you read this.'),
(-1502694510, -1862448277, 'CHIPIN', '1312565065000ultrajunk@hotmail.com', 'PENDING', 'COMMENT_READ', 15.00, '2011-08-05 11:24:25', 'go with italian with a spanish accent, nah just kidding i want to hear more german'),
(-1502388704, 1381528341, 'CHIPIN', '1312572381000bjamesboaz@hotmail.com', 'PENDING', 'COMMENT_READ', 20.00, '2011-08-05 13:26:21', 'For the inclusion of my favorite game of all time in the marathon, and I absolutely want that plushie.'),
(-1497209707, 684279556, 'CHIPIN', '1312509491000the.super.snes@gmail.com', 'PROCESSED', 'COMMENT_READ', 5.00, '2011-08-04 19:58:11', 'NASIRRRRRRRRRR!!! Link''s true name.'),
(-1496358630, -63817549, 'CHIPIN', '1312616811000ritterad@yahoo.com', 'PROCESSED', 'COMMENT_READ', 20.00, '2011-08-06 01:46:51', 'Sing it! -- Also, LttP 100% isn''t far enough ahead, so count 20 toward that!'),
(-1480259757, -1223091447, 'CHIPIN', '1312581385000ssancha@me.com', 'PENDING', 'COMMENT_READ', 5.00, '2011-08-05 15:56:25', 'This donation comes with no strings attached.'),
(-1471441966, 317076130, 'CHIPIN', '1312602824000cory.linhares@hotmail.com', 'PENDING', 'COMMENT_READ', 10.00, '2011-08-05 21:53:44', 'Hey guys! Killer runs so far! About to watch Riven being ran by my good buddy Opario. Wish the best of luck to you and to everyone else! Also very excited to see VVVVVV being destroyed. Oh and by the way, I want to dedicate this $10 for the KH1 run! Wooooou00efu00bd?u00e3??(u00e3??u00efu00bcu00beu00e2??u00efu00bcu00be)'),
(-1462213787, -588859540, 'CHIPIN', '1312595206000fragmaster01@gmail.com', 'PROCESSED', 'COMMENT_READ', 10.01, '2011-08-05 19:46:46', 'Fragmaster01 from SDA, keep up the puns and runs! -money for KH1'),
(-1434201050, -1903262445, 'CHIPIN', '1312506212000cgibson1976@comcast.net', 'PENDING', 'COMMENT_READ', 15.00, '2011-08-04 19:03:32', 'donation towards the "watermelon" color scheme for alucard''s cloak mentioned in stream.'),
(-1432294332, -1290264502, 'CHIPIN', '1312508383000johan.harlestedt@gmail.com', 'PENDING', 'COMMENT_READ', 35.00, '2011-08-04 19:39:43', 'Finally another marathon! Awesome job guys, staying up as late as this is awesome! the time is 3:44 in the night here in Sweden and I dont intend to sleep anytime soon! Gl hf with the donations'),
(-1409268325, -579065678, 'CHIPIN', '1312612276000fuzzmosis@hotmail.com', 'PENDING', 'COMMENT_READ', 10.00, '2011-08-06 00:31:16', 'Mr. T Perler? Mr. T Perler!'),
(-1387659838, -1598583171, 'CHIPIN', '1312493156000mapler90210@yahoo.com', 'PENDING', 'COMMENT_READ', 50.00, '2011-08-04 15:25:56', '$50 from Mapler90210 to make Rom sing I am the Wind. Good luck with your runs. They''re going to be a blast to watch.'),
(-1384565971, 233893389, 'LOCAL', '-1384565971', 'PROCESSED', 'COMMENT_READ', 20.00, '2011-08-05 16:16:40', ''),
(-1376377221, -1631878301, 'CHIPIN', '1312526340000wpatnode@gmail.com', 'PROCESSED', 'COMMENT_READ', 6.58, '2011-08-05 00:39:00', 'Put toward Word once again for zelda ALTTP :)Tacos ftw!'),
(-1372454906, -1903262445, 'CHIPIN', '1312593815000cgibson1976@comcast.net', 'PENDING', 'COMMENT_READ', 20.00, '2011-08-05 19:23:35', 'Disco Prince all the way, yo.'),
(-1354110245, -531756718, 'CHIPIN', '1312588271000fdzadolfo@hotmail.com', 'PENDING', 'COMMENT_READ', 5.00, '2011-08-05 17:51:11', 'Pidgey here. Love the marathon, kudos to SDA for the awesomeness. Shout outs to SRL and Gombill for playing the best game ever.'),
(-1352131425, -888042265, 'CHIPIN', '1312585365000coderedonly@cox.net', 'PROCESSED', 'COMMENT_READ', 10.00, '2011-08-05 17:02:45', 'Earl FTW!'),
(-1348839282, -454101817, 'CHIPIN', '1312494582000coingray@gmail.com', 'PENDING', 'COMMENT_READ', 5.00, '2011-08-04 15:49:42', 'Five dollars for Megaman 9 buster-only, and autism research! Keep it up, everyone!'),
(-1327622566, 642523458, 'CHIPIN', '1312587824000mamma_937@hotmail.com', 'PENDING', 'COMMENT_READ', 5.00, '2011-08-05 17:43:44', '5$ from #srl go Gombill!!'),
(-1325920072, 1381528341, 'CHIPIN', '1312607480000bjamesboaz@hotmail.com', 'PENDING', 'COMMENT_READ', 20.00, '2011-08-05 23:11:20', 'Would love to get my hands on one of those perlers, also put the money towards KH2.'),
(-1316195647, -15247873, 'CHIPIN', '1312592491000greg.beauchesne@gmail.com', 'PROCESSED', 'COMMENT_READ', 10.00, '2011-08-05 19:01:31', 'My vote for the Katamari song is Scorching Hot Savannah/Sunbaked Savannah.'),
(-1313250772, 604955471, 'CHIPIN', '1312572267000swinginfiend@hotmail.com', 'PENDING', 'COMMENT_READ', 5.00, '2011-08-05 13:24:27', 'These marathons are the best, I am glad you are doing more of them! Kirby Super Star is such an amazing game, my friend and I used to play it all of the time when we were younger. Oh the memories!'),
(-1304215533, 1241333100, 'CHIPIN', '1312593698000bigjfella@yahoo.com', 'PENDING', 'COMMENT_READ', 18.88, '2011-08-05 19:21:38', 'Put this towards Mirror''s Edge weaponless run. :) Also, love the site and all the great charity work you guys are doing keep it up!'),
(-1299642907, 770615906, 'CHIPIN', '1312607351000panwyatt@gmail.com', 'PENDING', 'COMMENT_READ', 10.00, '2011-08-05 23:09:11', 'EPSY for Filename for Zelda: ALTTP. These are all things I love: SDA, What you guys are doing, Cave Story, The Shark Pool for EPSY, Quests, and all my friends working and watching you guys for others. Thank you so much for caring for the cause.'),
(-1293505865, 1135009388, 'CHIPIN', '1312487952000rizukomesu@gmail.com', 'PENDING', 'COMMENT_READ', 15.00, '2011-08-04 13:59:12', 'Hey guys. Love what you''re doing for Autism research, and you guys rule for it. Donation is for BBS Terra Run, hi guys who actually know who I am, and keep at it! You guys rule! P.S. I will not get in the pokeball. =T'),
(-1292922315, -271758741, 'CHIPIN', '1312498889000shiningkestral@gmail.com', 'PROCESSED', 'COMMENT_READ', 10.00, '2011-08-04 17:01:29', 'My severely autistic sister just celebrated her eighteenth birthday two days ago, so this marathon was timed perfectly! Thank you all for taking the time to do this and I hope you smash the donation goal to pieces! By the way, please add my donation to Aqua for the Birth By Sleep run.'),
(-1290682844, -1584726242, 'CHIPIN', '1312592122000cyberbotx@cyberbotx.com', 'PROCESSED', 'COMMENT_READ', 20.00, '2011-08-05 18:55:22', '*rolls $20 into Puns for ALttP with is katamari*'),
(-1276120113, -105829687, 'CHIPIN', '1312611594000gkarsh@gmail.com', 'PENDING', 'COMMENT_READ', 7.50, '2011-08-06 00:19:54', 'Congrats on not getting hit in the Final Cave'),
(-1269543707, -2020483383, 'CHIPIN', '1312592583000xinoea@gmail.com', 'PROCESSED', 'COMMENT_READ', 15.00, '2011-08-05 19:03:03', 'Awesome marathon so far guys. Putting the money towards a Weaponless Mirror''s Edge run. That hat is awesome too.'),
(-1260657116, -1556496002, 'CHIPIN', '1312484762000rogueshenanigans@googlemail.com', 'PENDING', 'COMMENT_READ', 10.00, '2011-08-04 13:06:02', 'Darkwing Duckola. Make it happen.'),
(-1252877554, -1966999817, 'CHIPIN', '1312568537000cbrod24@gmail.com', 'PENDING', 'COMMENT_READ', 10.00, '2011-08-05 12:22:17', 'Always nice to see gaming for a good cause. Keep up the good work guys.'),
(-1251317843, 1168361227, 'CHIPIN', '1312497828000dballin4@gmail.com', 'PENDING', 'COMMENT_READ', 5.00, '2011-08-04 16:43:48', 'I''m a big fan of the NESbot! I actually gave a bunch of ames to micro500 to test but none of them worked so... Don''t expect to see Megaman games played anytime soon.'),
(-1242171165, -682245900, 'CHIPIN', '1312601132000kingedgar0@gmail.com', 'PENDING', 'COMMENT_READ', 5.00, '2011-08-05 21:25:32', 'Using the stream downtime to donate.'),
(-1240624646, 1681245842, 'CHIPIN', '1312593481000eric.c.glaeser@gmail.com', 'PROCESSED', 'COMMENT_READ', 10.00, '2011-08-05 19:18:01', 'KH2'),
(-1233284804, -682245900, 'CHIPIN', '1312593601000kingedgar0@gmail.com', 'PROCESSED', 'COMMENT_READ', 5.00, '2011-08-05 19:20:01', 'Disco Prince!'),
(-1227421182, 348267663, 'CHIPIN', '1312551044000garlyle@gmail.com', 'PROCESSED', 'COMMENT_READ', 10.00, '2011-08-05 07:30:44', 'Cheering on Zyre. Also I don''t care if I''m the only person who will donate for Ventus in Birth by Sleep, put this one towards him too.'),
(-1223548559, 170986427, 'CHIPIN', '1312607863000brholtkamp@gmail.com', 'PENDING', 'COMMENT_READ', 20.00, '2011-08-05 23:17:43', 'Glad to see someone speed running this great game for a great cause. Continue the great work and hope to see more of these events in the future!'),
(-1220048267, 1860079105, 'CHIPIN', '1312565829000boyn64@aol.com', 'PENDING', 'COMMENT_READ', 10.00, '2011-08-05 11:37:09', 'I know you still have to do German, but after that, please do Italian with a Mario accent.'),
(-1213817678, -682245900, 'CHIPIN', '1312591248000kingedgar0@gmail.com', 'PENDING', 'COMMENT_READ', 5.00, '2011-08-05 18:40:48', 'Looking forward to another fun Arrow run. Keep up the great work everyone.'),
(-1208270533, 1958210318, 'CHIPIN', '1312511350000anarchoelk@gmail.com', 'PENDING', 'COMMENT_READ', 3.00, '2011-08-04 20:29:10', 'DJ Elk here, keep up the good work. www.918thefan.com is sending people your way, I''ll be donating more later.'),
(-1205512482, 1749211149, 'CHIPIN', '1312606021000philip8o@dslextreme.com', 'PENDING', 'AMOUNT_READ', 5.00, '2011-08-05 22:47:01', NULL),
(-1205370585, -1584726242, 'CHIPIN', '1312481800000cyberbotx@cyberbotx.com', 'PROCESSED', 'COMMENT_READ', 10.00, '2011-08-04 12:16:40', 'Great cause you guys are doing this for. Let this go towards starting a bidding war for Mario vs DK. :D'),
(-1190748737, -268663631, 'CHIPIN', '1312515930000kbechon@yahoo.com', 'PROCESSED', 'COMMENT_READ', 25.00, '2011-08-04 21:45:30', 'Thanks for raising so much money for charity. Been a fan for 5 years. Looking forward to Katamari run. Would love to hear "KuruKuru Rock" during Bigger, BIG-GER! stage.'),
(-1178678505, -1311783299, 'CHIPIN', '1312535929000speiser2@yahoo.com', 'PENDING', 'COMMENT_READ', 20.00, '2011-08-05 03:18:49', 'Hey Cory (theseawolf1) it''s your brother. Nice run so far keep up the good work, all of you are helping a great cause!!'),
(-1176287126, 953328597, 'CHIPIN', '1312545807000sacredskullkid@gmail.com', 'PENDING', 'COMMENT_READ', 5.00, '2011-08-05 06:03:27', '(mecha richter) Throwing in $5 because I wanna win that Trouble Bruin plushie!'),
(-1160626002, 812300436, 'CHIPIN', '1312511132000coolmatt@sorrowind.net', 'PENDING', 'COMMENT_READ', 10.01, '2011-08-04 20:25:32', 'GET HYPE FOR DK94. THIS IS FOR IT.'),
(-1150548945, -1809048273, 'CHIPIN', '1312594587000yeknom_yknuf@hotmail.com', 'PENDING', 'COMMENT_READ', 10.00, '2011-08-05 19:36:27', 'mocliamtoh/unpronounceable again. Here''s to Disco Prince. We 3 Arrow. By the way, I miss your singing from January.'),
(-1140522911, -1542855648, 'CHIPIN', '1312488487000sheriffdg.md@gmail.com', 'PENDING', 'AMOUNT_READ', 20.00, '2011-08-04 14:08:07', NULL),
(-1138404037, -1602506951, 'CHIPIN', '1312596836000john.a.vanderson@gmail.com', 'PROCESSED', 'COMMENT_READ', 11.11, '2011-08-05 20:13:56', 'This goes to Terra for Birth by Sleep, to tie it up.'),
(-1129817650, -1669102029, 'CHIPIN', '1312592152000magus416@rogers.com', 'PENDING', 'COMMENT_READ', 10.00, '2011-08-05 18:55:52', 'All hail the Burger King! (also keep up the good work)'),
(-1115601638, -846682190, 'CHIPIN', '1312559597000linkinito@sfr.fr', 'PENDING', 'COMMENT_READ', 27.01, '2011-08-05 09:53:17', 'Rayman 2 language donation: FRENCH :D'),
(-1110019115, -76160587, 'CHIPIN', '1312604651000cryptlord14@yahoo.com', 'PENDING', 'COMMENT_READ', 5.00, '2011-08-05 22:24:11', 'VVVVVV is awesome!'),
(-1088838790, 265020014, 'CHIPIN', '1312579333000stone__golem@hotmail.com', 'PENDING', 'COMMENT_READ', 10.00, '2011-08-05 15:22:13', 'to . . . many . . . puns . . . .*head implodes*'),
(-1075371787, 1860079105, 'CHIPIN', '1312483236000boyn64@aol.com', 'PROCESSED', 'COMMENT_READ', 101.00, '2011-08-04 12:40:36', 'Put this towards Essentia''s choice for Birth By Sleep. Will she forgive me now please?'),
(-1071100781, 642523458, 'CHIPIN', '1312490351000mamma_937@hotmail.com', 'PENDING', 'COMMENT_READ', 15.00, '2011-08-04 14:39:11', '15$ from the coolest of kids wishing good luck to the mega man runners & a salute to feasel!'),
(-1062897097, -306311716, 'CHIPIN', '1312531211000toddbstein@gmail.com', 'PENDING', 'AMOUNT_READ', 40.00, '2011-08-05 02:00:11', NULL),
(-1061280327, 1290804767, 'CHIPIN', '1312498847000jj@cerebraltech.com', 'PENDING', 'COMMENT_READ', 10.00, '2011-08-04 17:00:47', 'This one''s just for some awesome runs so far. Keep it up!'),
(-1060205946, -1394234025, 'CHIPIN', '1312588974000aneeslol@gmail.com', 'PENDING', 'COMMENT_READ', 10.00, '2011-08-05 18:02:54', 'Gombill, the greatest SM64 player to ever live.'),
(-1055992113, -539861899, 'CHIPIN', '1312589625000z.godfrey.37@gmail.com', 'PENDING', 'COMMENT_READ', 5.00, '2011-08-05 18:13:45', 'All hail the Great Gombill!! Love MSDS3170 P.S. Please show the wing cap on camera :)'),
(-1046052081, -1903262445, 'CHIPIN', '1312484498000cgibson1976@comcast.net', 'PENDING', 'COMMENT_READ', 50.00, '2011-08-04 13:01:38', 'Why so much hate for Duckola? Put the pie in Piewexil''s face, yo!'),
(-1034025918, 1452405338, 'CHIPIN', '1312510690000mike89_mkscelite@hotmail.com', 'PROCESSED', 'COMMENT_READ', 20.00, '2011-08-04 20:18:10', '$20 for an awesome MM10 run and for the awesome hat! Make it for Mario vs DK!'),
(-1027178769, -1903262445, 'CHIPIN', '1312487284000cgibson1976@comcast.net', 'PENDING', 'COMMENT_READ', 120.00, '2011-08-04 13:48:04', '100$ for pie to Piewexil face. 20 for sotn acting please.'),
(-1026412649, 753447010, 'CHIPIN', '1312601564000dagon.7@hotmail.com', 'PROCESSED', 'COMMENT_READ', 5.00, '2011-08-05 21:32:44', 'Glad to see Mirrors Edge done, great game. Glad to support you guys again as well, Put this $5 toward KH2 Race!'),
(-1018986504, -398949798, 'CHIPIN', '1312607243000ngulick@gmail.com', 'PENDING', 'COMMENT_READ', 5.00, '2011-08-05 23:07:23', 'Don''t you dare let Curly die. :('),
(-1015489132, 745724163, 'CHIPIN', '1312602439000hellotherefriend52@hotmail.com', 'PENDING', 'COMMENT_READ', 1.00, '2011-08-05 21:47:19', '*ahem* As I was saying, AQUA. If you want to keep playing the dollar game in the room, I can go for a while, but you won''t outlast me ^_^'),
(-1008480570, -1584726242, 'CHIPIN', '1312498940000cyberbotx@cyberbotx.com', 'PROCESSED', 'COMMENT_READ', 10.00, '2011-08-04 17:02:20', 'So since I''m donating for the Metool helmet drawing, also put this for another VVVVVV trinket. :P'),
(-1002253576, -895617670, 'CHIPIN', '1312481909000zerromi@gmail.com', 'PROCESSED', 'COMMENT_READ', 5.00, '2011-08-04 12:18:29', 'First donation, but surely won''t be the last! Here''s to hoping you guys shatter even AGDQ''s record!'),
(-992953821, -1627543688, 'CHIPIN', '1312554891000jaredminnihan24@yahoo.com', 'PENDING', 'COMMENT_READ', 10.00, '2011-08-05 08:34:51', 'Good morning everyone, I''m really enjoying the marathon so far. Here''s ten dollars to start off the duct tape fund.'),
(-976714716, 1931835909, 'CHIPIN', '1312595208000sambrea@yahoo.com', 'PROCESSED', 'COMMENT_READ', 10.00, '2011-08-05 19:46:48', 'Thanks for wasting my weekend guys! I love what you do and appreciate the need for raising money for Autism research. $10 for kingdom hearts 1 and the awesome hat!'),
(-970207838, 1993407651, 'CHIPIN', '1312493817000toothache42@gmail.com', 'PENDING', 'COMMENT_READ', 5.00, '2011-08-04 15:36:57', 'Toothache here. It is pundamental that PuntraJMan is not punished! Donating for the Ryu Hayabusa perler.'),
(-968344289, -2020483383, 'CHIPIN', '1312605002000xinoea@gmail.com', 'PENDING', 'COMMENT_READ', 10.00, '2011-08-05 22:30:02', 'VVVVVV is such an awesome game. Looking forward to MoO II if you guys get it running! :D'),
(-955311427, 213209403, 'CHIPIN', '1312605090000jefferlope@yahoo.com', 'PENDING', 'COMMENT_READ', 5.00, '2011-08-05 22:31:30', '$5 to try to win those coasters! VVVVVV is one of my favorite platform games. In fact, I just so happened to play it in a marathon yesterday. I''m no speed runner of course, so my time was 1 hour and 50 minutes. I''m sure you get a kick out of that! ~Jefferlope'),
(-951659646, -969047657, 'CHIPIN', '1312486626000emptyeye@juno.com', 'PENDING', 'AMOUNT_READ', 50.00, '2011-08-04 13:37:06', NULL),
(-951019665, -1584726242, 'CHIPIN', '1312488086000cyberbotx@cyberbotx.com', 'PROCESSED', 'COMMENT_READ', 10.00, '2011-08-04 14:01:26', '(CyberBotX in the chat, well, minus some of the uppercase letters I guess) Put this towards all trinkets for VVVVVV, and hopefully Tranquilite succeeds at Veni Vidi Vici! in one try again. :P Also, you did get my name right the last time, so don''t worry. :D'),
(-950732286, -63817549, 'CHIPIN', '1312605642000ritterad@yahoo.com', 'PENDING', 'COMMENT_READ', 25.00, '2011-08-05 22:40:42', 'Tranquilite is a maniac, the good kind.'),
(-941939608, 1311505427, 'CHIPIN', '1312604969000rrtycoon2@yahoo.com', 'PENDING', 'COMMENT_READ', 5.00, '2011-08-05 22:29:29', 'Last donation for now Shake off that rust Tranq...want to see a perfect Veni Vidi Vici'),
(-936123049, -1627543688, 'CHIPIN', '1312492582000jaredminnihan24@yahoo.com', 'PENDING', 'COMMENT_READ', 20.00, '2011-08-04 15:16:22', '20$ for Island Courage and pie-in-the face. Also towards Dawn of Sorrow Yoko and Friends mode (AKA Julius mode).'),
(-935591420, -1294468499, 'CHIPIN', '1312482343000klaige@mchsi.com', 'PENDING', 'COMMENT_READ', 10.00, '2011-08-04 12:25:43', 'Tossing my donation in early since I have a big weekend ahead. Have no doubt you guys will do us all proud. Hopefully I am ready to help raise the money come January. Best of luck to all the runners. - Travis (Klaige)'),
(-929783451, 48201693, 'CHIPIN', '1312488386000ogredanhibiki@gmail.com', 'PROCESSED', 'COMMENT_READ', 20.00, '2011-08-04 14:06:26', 'Hey guys, thanks for doing this. Put this 20 dollars towards DK ''94'),
(-928063315, 1452405338, 'CHIPIN', '1312576952000mike89_mkscelite@hotmail.com', 'PROCESSED', 'COMMENT_READ', 10.00, '2011-08-05 14:42:32', 'This donation is to make that plushie mine! Maybe! Also to get KH2 played because puwexil deserves to be remembered for more than a pie to the face ;)'),
(-923611444, -1940885978, 'CHIPIN', '1312522009000samuel.amorim@gft.com', 'PENDING', 'COMMENT_READ', 5.00, '2011-08-04 23:26:49', 'Here is 5 dollars from Brazil! I''ve been watching SDA forever, and I believe you guys deserve more for your cause, but its all I can give right now. I would LOVE to win that Red Knight plushie, but I think I will be sleeping by then. Keep up the good gaming, guys! Best Regards, Hynx'),
(-922853010, -2061466113, 'CHIPIN', '1312554313000rward613@gmail.com', 'PENDING', 'COMMENT_READ', 10.00, '2011-08-05 08:25:13', 'Thank-you for the great entertainment =D'),
(-897507434, -1777662974, 'CHIPIN', '1312612461000mshipstertrash@gmail.com', 'PENDING', 'COMMENT_READ', 20.00, '2011-08-06 00:34:21', 'GOMBILL!!!! YOU RULE!!!! COOL BEARD!!!! THIS IS LARGE_DILDO!!!!!!! ALSO KH1 BECAUSE TRIHEX SAID SO!!!!!!'),
(-875670830, -1976288807, 'CHIPIN', '1312566807000ragespot@gmail.com', 'PENDING', 'COMMENT_READ', 10.00, '2011-08-05 11:53:27', 'finish them all'),
(-858663085, 881209579, 'CHIPIN', '1312492299000westerjepser@hotmail.com', 'PENDING', 'COMMENT_READ', 25.00, '2011-08-04 15:11:39', 'Hey guys, just wanted to say it''s great to see a bunch of familiar faces again from watching the AGDQ marathon earlier this year, and I''m really looking forward to actually having something to do at work for a few days. Keep on doing what you guys do! For whatever is donated towards JMan being duct taped during Castle Crashers, these $25 are -against- that. More puns! Have a great marathon guys!'),
(-857104239, 282236061, 'CHIPIN', '1312512143000jonas@teamphobic.com', 'PENDING', 'COMMENT_READ', 100.00, '2011-08-04 20:42:23', 'Keep up the good work! - From the folks at Team Phobic :)'),
(-844128447, -1203253689, 'CHIPIN', '1312593482000kaedenn@gmail.com', 'PENDING', 'COMMENT_READ', 0.02, '2011-08-05 19:18:02', 'My two cents for KH2, again. Also JMan I still love you.'),
(-843485127, -2140913230, 'CHIPIN', '1312517480000sansaradiart@live.com', 'PENDING', 'COMMENT_READ', 5.00, '2011-08-04 22:11:20', 'Eliwood Here for the NEW GLITCH can''t wait to see it Rom also great stream so far'),
(-837701946, -120582352, 'LOCAL', '-837701946', 'PENDING', 'COMMENT_READ', 10.00, '2011-08-05 06:40:07', ''),
(-822074033, 1008030723, 'CHIPIN', '1312498055000vogt@cs.ualberta.ca', 'PENDING', 'COMMENT_READ', 10.00, '2011-08-04 16:47:35', 'Awesome nesbot demonstration, DarkKobold! Please put this $10 donation in DarkKobold''s name (for the 3DS draw) -- I owe him big-time for the FF8 TAS, which helped me immensely with my route :) --Poxnor'),
(-819067054, -408681702, 'CHIPIN', '1312535781000viparas@gmail.com', 'PENDING', 'AMOUNT_READ', 5.00, '2011-08-05 03:16:21', NULL),
(-812866422, -433080416, 'CHIPIN', '1312538811000foxeye.valkyrie@gmail.com', 'PENDING', 'COMMENT_READ', 25.00, '2011-08-05 04:06:51', 'Best of luck! n.n'),
(-809473723, 993225161, 'CHIPIN', '1312604654000bj_waters@hotmail.com', 'PENDING', 'COMMENT_READ', 5.00, '2011-08-05 22:24:14', 'Hey Tranquilite! Do "Prize for the Reckless" without dying! JUUUUST KIDDIIIIIINNG! Seriously, I just want to see you destroy the game just like those runs that just got published! Good luck!'),
(-809043999, -616824464, 'CHIPIN', '1312589198000mike_ckd@hotmail.co.uk', 'PROCESSED', 'COMMENT_READ', 25.00, '2011-08-05 18:06:38', 'Mirror''s Edge - no weapons.'),
(-806461157, 817954523, 'CHIPIN', '1312573108000kennet.j@hotmail.com', 'PROCESSED', 'COMMENT_READ', 10.00, '2011-08-05 13:38:28', 'Hi guys, MistMage here. Here''s my first donation of this marathon and it is for the Kirby plush and also 100% for LttP. Keep up the good work!'),
(-798089580, 812300436, 'CHIPIN', '1312489306000coolmatt@sorrowind.net', 'PENDING', 'COMMENT_READ', 11.01, '2011-08-04 14:21:46', 'Bananawing Duckola will win. Period. This is to ensure that.'),
(-796864963, -1903262445, 'CHIPIN', '1312578274000cgibson1976@comcast.net', 'PROCESSED', 'COMMENT_READ', 0.01, '2011-08-05 15:04:34', 'That penny looked lonely in the LTTP Any %, so here''s a friend for him to play with.'),
(-784994658, 932482495, 'CHIPIN', '1312506258000zevgun@gmail.com', 'PENDING', 'COMMENT_READ', 10.00, '2011-08-04 19:04:18', 'Put my 10 to the banana cloak! This thing''s off to a good start, keep up the great runs. (ps, you can''t read the second from the top line on the word doc steam because of the justin.tv logo)'),
(-783842525, 2028314509, 'CHIPIN', '1312589122000cmd.vimes@gmail.com', 'PROCESSED', 'COMMENT_READ', 10.00, '2011-08-05 18:05:22', '$10 to EPSY for Filename for Zelda: ALTTP Sharks for life, baby.'),
(-762614916, -2088186969, 'CHIPIN', '1312482198000tochkoma@gmail.com', 'PENDING', 'COMMENT_READ', 5.00, '2011-08-04 12:23:18', 'METAL GEAR!!!'),
(-756160917, -748515463, 'CHIPIN', '1312510223000sldavis003@yahoo.com', 'PENDING', 'COMMENT_READ', 20.00, '2011-08-04 20:10:23', 'Thanks for the live speedruns. Keep up the great work, guys and gals.'),
(-750701280, 188977900, 'CHIPIN', '1312525479000pevergreen@pevergreen.com', 'PROCESSED', 'COMMENT_READ', 20.00, '2011-08-05 00:24:39', '$20 for ALTTP name of ''boss'' because its going to be played like a boss.'),
(-733885801, -1604270321, 'CHIPIN', '1312573172000juhotalvitie@hotmail.com', 'PROCESSED', 'COMMENT_READ', 10.00, '2011-08-05 13:39:32', 'You''re doing a great job, keep it up. I especially loved Rayman. Putting in $10 for Kingdom Hearts 2.'),
(-724790543, 1860079105, 'CHIPIN', '1312587307000boyn64@aol.com', 'PENDING', 'COMMENT_READ', 5.00, '2011-08-05 17:35:07', 'I hope I can get that Wing Cap to wear while play Mario 64. It is my second-most played game right behind Paper Mario.'),
(-721988774, 812300436, 'CHIPIN', '1312584009000coolmatt@sorrowind.net', 'PENDING', 'COMMENT_READ', 6.00, '2011-08-05 16:40:09', 'Now that Epic Yarn is ... unraveled (MY LAST PUN), I want to make a challenge: $5 if he hits the top level on those bonus end stage things.'),
(-721224604, 1406833797, 'CHIPIN', '1312604984000infectiousceryx@gmail.com', 'PENDING', 'COMMENT_READ', 5.00, '2011-08-05 22:29:44', 'Bestest game ever. 3'),
(-714324713, 963068741, 'CHIPIN', '1312588970000indykenobi@gmail.com', 'PENDING', 'COMMENT_READ', 10.00, '2011-08-05 18:02:50', 'Keep up the good work!'),
(-712817753, -702042783, 'CHIPIN', '1312544851000jazaaboo@gmail.com', 'PENDING', 'COMMENT_READ', 5.00, '2011-08-05 05:47:31', 'Hey guys! Lindsey here again! Another $5 so I have $10 total (that 3DS would make a nice birthday present for a friend). And I''m hoping to get that Trouble Bruin plush because Dynamite Headdy is almost as awesome as Speed Demos Archive. ALMOST.'),
(-706665927, 2023336311, 'CHIPIN', '1312523190000rafaelsposito@gmail.com', 'PENDING', 'AMOUNT_READ', 12.00, '2011-08-04 23:46:30', NULL),
(-697683358, -1250575576, 'CHIPIN', '1312574879000llcooldave@gmail.com', 'PENDING', 'COMMENT_READ', 50.00, '2011-08-05 14:07:59', 'PLLLLUUUUUUUUUUUUSHIIIIIIIEE!!!!'),
(-693859104, -768835988, 'CHIPIN', '1312486572000rjones0@gmail.com', 'PENDING', 'COMMENT_READ', 10.00, '2011-08-04 13:36:12', 'Just thought I''d get my 2 cents in (and $9.98 extra, for the lolz). Keep up the awesome, SDA! ~ArtenXevious'),
(-691322127, -1542855648, 'CHIPIN', '1312540327000sheriffdg.md@gmail.com', 'PENDING', 'COMMENT_READ', 20.00, '2011-08-05 04:32:07', 'Autism doesnu00e2??t stand a chance! And thank you in advance for mispronouncing my name correctly.'),
(-668893432, -846682190, 'CHIPIN', '1312497180000linkinito@sfr.fr', 'PENDING', 'COMMENT_READ', 15.00, '2011-08-04 16:33:00', 'Just a comment about the stream: is it possible to put the SDA record time next to the real time, just to compare and see how close runners can be? Thanks!'),
(-651115075, -895617670, 'CHIPIN', '1312591328000zerromi@gmail.com', 'PROCESSED', 'COMMENT_READ', 5.00, '2011-08-05 18:42:08', 'We 3 Katamari Hats! Also, put my $5 to Arrow''s choice of final stage music.'),
(-650874512, -1627543688, 'CHIPIN', '1312508313000jaredminnihan24@yahoo.com', 'PENDING', 'COMMENT_READ', 21.00, '2011-08-04 19:38:33', '21$, 2 for each buster-only stage after the first, and minus 1 for the death. Also putting this towards keeping not-glitchtastic mode in the lead for Dawn of Sorrow. I''m really enjoying the marathon; keep up the great work SDA!'),
(-647741125, -1947300561, 'CHIPIN', '1312480257000hassifa_18@hotmail.com', 'PROCESSED', 'COMMENT_READ', 20.00, '2011-08-04 11:50:57', 'Here is wishing you good luck and good fortune for the marathon. Money for a good cause.'),
(-643133644, -1256465749, 'CHIPIN', '1312499883000purpledragonlord@hotmail.com', 'PENDING', 'COMMENT_READ', 5.00, '2011-08-04 17:18:03', 'Love the SDA Marathons. First one I''m seeing live. Zips for the win. Andrew G would be proud.'),
(-637525202, 691982897, 'CHIPIN', '1312490266000coro_the_wolf@hotmail.com', 'PENDING', 'AMOUNT_READ', 5.00, '2011-08-04 14:37:46', NULL),
(-623460452, -996608574, 'CHIPIN', '1312510318000rjt210@lehigh.edu', 'PENDING', 'COMMENT_READ', 5.00, '2011-08-04 20:11:58', 'Watermelons taste better than bananas, so this $5 goes to Watermelucard.'),
(-621240089, 1393155709, 'CHIPIN', '1312566212000timwilke1@gmx.net', 'PENDING', 'COMMENT_READ', 100.00, '2011-08-05 11:43:32', 'This donation is for the suplex challenge. keep up the great work guys!'),
(-613162090, 50449337, 'CHIPIN', '1312523208000ashrielpaypal@gmail.com', 'PENDING', 'COMMENT_READ', 10.00, '2011-08-04 23:46:48', 'I was going to spend this on a Steam game this weekend, but already in this run so far you have provided more entertainment than I could ask for. Here''s to more good times to come. Thanks guys, you rock, keep the speedgaming community the best out there!'),
(-611527487, -392237133, 'CHIPIN', '1312542110000okeatoscetan@frontier.com', 'PENDING', 'COMMENT_READ', 10.00, '2011-08-05 05:01:50', 'Great runs so far! This is essentially a good-luck donation for the Dynamite Headdy race coming up, in the hopes of Stair Wars not stalling one player for far more than the other (as well as other luck factors, and Twin Freaks). -TheGamaniac'),
(-609066573, 1481108814, 'CHIPIN', '1312593044000davidmasq@gmail.com', 'PROCESSED', 'COMMENT_READ', 10.00, '2011-08-05 19:10:44', 'Must have hat! Also, put my money towards Disco Prince :D'),
(-608827600, 1071535880, 'CHIPIN', '1312562498000imagesfromapoet@gmail.com', 'PENDING', 'COMMENT_READ', 10.00, '2011-08-05 10:41:38', '10 bucks to get German going on - also for amazing voices from broessentia and GREAT commentary from spike. thanks for explaining a game I''ve never seen. :3'),
(-602068480, 1291620624, 'CHIPIN', '1312506561000joshuajnepa@gmail.com', 'PROCESSED', 'COMMENT_READ', 25.00, '2011-08-04 19:09:21', 'Zelda: A Link to the Past - 100% Thank you for supporting OAR. I have a close friend that is autistic. Good luck on all the games and I look forward to watching. - Josh J.'),
(-579814260, -2137743675, 'CHIPIN', '1312593624000andrewianjames@gmail.com', 'PENDING', 'COMMENT_READ', 10.00, '2011-08-05 19:20:24', 'Disco PRince is by far a better song. Plus, it''s liked by people who support Autism research :P'),
(-575636562, -1903262445, 'CHIPIN', '1312583796000cgibson1976@comcast.net', 'PENDING', 'COMMENT_READ', 5.00, '2011-08-05 16:36:36', 'For the kirby plush.'),
(-575610454, 169044756, 'CHIPIN', '1312592067000soskereviews@gmail.com', 'PROCESSED', 'COMMENT_READ', 11.11, '2011-08-05 18:54:27', 'Great marathon so far, put my money down for Aqua in Kingdom Hearts.'),
(-574562320, -1809048273, 'CHIPIN', '1312607317000yeknom_yknuf@hotmail.com', 'PENDING', 'COMMENT_READ', 5.00, '2011-08-05 23:08:37', 'Hey, mocliamtoh/unpronounceable again. This is for the game audio, thank you very much for it :)'),
(-566064345, -1518160355, 'CHIPIN', '1312481562000tcutler2@msn.com', 'PROCESSED', 'COMMENT_READ', 10.00, '2011-08-04 12:12:42', 'Nothing sinks a boss like a uranium anchor!'),
(-564298597, 812300436, 'CHIPIN', '1312486852000coolmatt@sorrowind.net', 'PENDING', 'COMMENT_READ', 10.00, '2011-08-04 13:40:52', '$10 for THE Bananawing Duckola!!! YOU ARE THE BANANA-MAN!'),
(-563156798, 1169150792, 'CHIPIN', '1312608228000collectorsadditionstoronto@gmail.com', 'PENDING', 'COMMENT_READ', 30.00, '2011-08-05 23:23:48', 'Might as well reinforce my Minish Cap name, Moishe (pronounced MOY-shee). Let''s hope it sticks.'),
(-562318485, -1310094054, 'CHIPIN', '1312590275000cmkelly29@optonline.net', 'PENDING', 'COMMENT_READ', 5.00, '2011-08-05 18:24:35', 'dballin broke my tachometer.'),
(-558838447, 1993407651, 'CHIPIN', '1312486819000toothache42@gmail.com', 'PENDING', 'COMMENT_READ', 5.00, '2011-08-04 13:40:19', 'Toothache here, donating for Pieweixel! Because Darkwing Duck has wings like a shield of steel!'),
(-557432535, -1394234025, 'CHIPIN', '1312562741000aneeslol@gmail.com', 'PENDING', 'COMMENT_READ', 10.00, '2011-08-05 10:45:41', 'I love this game, and Brossentia makes it even better.'),
(-540535723, 1311505427, 'CHIPIN', '1312487394000rrtycoon2@yahoo.com', 'PENDING', 'COMMENT_READ', 10.00, '2011-08-04 13:49:54', '10 toward MM9 Buster Only.'),
(-535767223, 643739015, 'CHIPIN', '1312565052000ovsinortu@hotmail.com', 'PENDING', 'COMMENT_READ', 10.00, '2011-08-05 11:24:12', 'Lets go for English, but with your best Arnold Schwarzenegger accents.'),
(-528851671, 2038391032, 'CHIPIN', '1312484305000hyp3r.phone@gmail.com', 'PENDING', 'COMMENT_READ', 15.00, '2011-08-04 12:58:25', 'Soma Glitchorama in DoS! Here''s hoping for absolutely ridiculous success like last year, and for UltraJMan to continue his terrible pun streak during Castle Crashers tomorrow! You''ll be seeing more from me throughout the marathon, so don''t disappoint :3'),
(-527509189, 932482495, 'CHIPIN', '1312566427000zevgun@gmail.com', 'PENDING', 'COMMENT_READ', 10.00, '2011-08-05 11:47:07', 'How about the most nasally white nerd accent ever? Also, if this can double up on other things, put this towards Earl for TJ&E2'),
(-521224192, -390290090, 'CHIPIN', '1312518698000dracozon@gmail.com', 'PENDING', 'AMOUNT_READ', 7.00, '2011-08-04 22:31:38', NULL),
(-518071075, -1941814281, 'CHIPIN', '1312511218000captainnovolin@gmail.com', 'PROCESSED', 'COMMENT_READ', 5.00, '2011-08-04 20:26:58', 'I''ve been looking forward to this for a while, here''s $5 to Mario Versus Donkey Kong. Any chance of running Captain Novolin in a marathon at some point?'),
(-507343289, -2109070751, 'CHIPIN', '1312605763000shadoww3@hotmail.com', 'PENDING', 'COMMENT_READ', 5.00, '2011-08-05 22:42:43', 'Awesome watching you make vvvvvv look easy! Also shoutouts to my dogs Owensir & Damien.'),
(-506542543, 898064781, 'CHIPIN', '1312590522000joshgmac@gmail.com', 'PENDING', 'AMOUNT_READ', 20.00, '2011-08-05 18:28:42', NULL),
(-500275891, 1168361227, 'CHIPIN', '1312495568000dballin4@gmail.com', 'PENDING', 'COMMENT_READ', 10.00, '2011-08-04 16:06:08', 'Hi SDA West Coast edition!!!! You guys should have marathons more often since it almost guarantees that I have to work overtime. :( Also, stop having marathons before I go broke. Thanks.'),
(-498522009, 1135009388, 'CHIPIN', '1312593733000rizukomesu@gmail.com', 'PROCESSED', 'COMMENT_READ', 20.00, '2011-08-05 19:22:13', 'Hey again guys. Donating towards KHII, mostly because I''d like to see what these guys would do if they had to do Olympus Coliseum. :) You guys rule! Also here''s hoping that I actually somehow win something in the draw even if the odds are astronomical, haha. - Rizu'),
(-498446939, -785479194, 'CHIPIN', '1312605894000tr_helwig@hotmail.com', 'PENDING', 'COMMENT_READ', 5.00, '2011-08-05 22:44:54', 'VVVVVV is awesome, putting this in for the prize!'),
(-497449310, -306667110, 'CHIPIN', '1312584469000alnicrvada@gmail.com', 'PENDING', 'AMOUNT_READ', 10.00, '2011-08-05 16:47:49', NULL),
(-494745245, -1903262445, 'CHIPIN', '1312492516000cgibson1976@comcast.net', 'PENDING', 'COMMENT_READ', 100.00, '2011-08-04 15:15:16', 'pie here Piewexil'),
(-487515537, -49738664, 'CHIPIN', '1312554450000910dan@gmail.com', 'PENDING', 'AMOUNT_READ', 10.00, '2011-08-05 08:27:30', NULL),
(-481439485, 1169150792, 'CHIPIN', '1312522592000collectorsadditionstoronto@gmail.com', 'PENDING', 'COMMENT_READ', 15.00, '2011-08-04 23:36:32', 'I''ll throw in another $15 for 100% LTTP, just for kicks. I don''t think I''ll be able to see it but whatever, have some more money!'),
(-479123606, 1290804767, 'CHIPIN', '1312517765000jj@cerebraltech.com', 'PROCESSED', 'COMMENT_READ', 50.00, '2011-08-04 22:16:05', 'For rom to do some punching, and Jman to keep the bad puns coming. - dopefish'),
(-478325913, 262047112, 'CHIPIN', '1312588285000ms_orslosa@msn.com', 'PENDING', 'COMMENT_READ', 5.00, '2011-08-05 17:51:25', 'Gombill is pretty much the best Sm64 player. Go Gombill! //CpKaka'),
(-475930182, 357312643, 'CHIPIN', '1312554951000shayne.t.hill@gmail.com', 'PROCESSED', 'COMMENT_READ', 20.00, '2011-08-05 08:35:51', 'Gotta throw in for a chance at that sweet Red Knight plushie. Also, please put my $20 toward the Clown Dance.'),
(-475208003, 1977254389, 'CHIPIN', '1312586934000doctordos@gmail.com', 'PROCESSED', 'COMMENT_READ', 37.00, '2011-08-05 17:28:54', 'Glad to see it''s marathon time again! Last time I helped spark a small bidding war for the Ocarina of Time filename which I ultimately lost, but I''m hoping to get an early start and lots of support this year for Link to the Past! This $37 goes towards naming the file "LUNK"!'),
(-466404657, -616824464, 'CHIPIN', '1312590675000mike_ckd@hotmail.co.uk', 'PENDING', 'COMMENT_READ', 5.00, '2011-08-05 18:31:15', 'Fwing cap!'),
(-460313798, -682245900, 'CHIPIN', '1312511958000kingedgar0@gmail.com', 'PENDING', 'COMMENT_READ', 5.00, '2011-08-04 20:39:18', 'I just beat this game on 3DS a couple nights ago, but Arrow is putting my play to shame.'),
(-455351294, 1993407651, 'CHIPIN', '1312484092000toothache42@gmail.com', 'PENDING', 'COMMENT_READ', 5.00, '2011-08-04 12:54:52', 'Hey, this is Toothache! Donating for the SotN Dracula cutscene - because Richter knows what he''s fighting for!'),
(-454062967, -1271906587, 'CHIPIN', '1312595160000dougamer@gmail.com', 'PROCESSED', 'COMMENT_READ', 10.00, '2011-08-05 19:46:00', '$10 for Tera. Shout out to the Future Sailors who might be watching from Rema :D Thanks for all the hard work you guys are putting in for such a good cause.'),
(-448314263, -1573165863, 'CHIPIN', '1312523805000niko.kinnunen@gmail.com', 'PENDING', 'COMMENT_READ', 15.00, '2011-08-04 23:56:45', 'Yo man. Chicago!'),
(-447696571, 2055446568, 'CHIPIN', '1312501623000scintilliasd@gmail.com', 'PROCESSED', 'COMMENT_READ', 10.00, '2011-08-04 17:47:03', 'Keep up the good work! I love catching these speed run marathons. Also, let''s get another VVVVVV trinket in there.'),
(-436729058, 812300436, 'CHIPIN', '1312472464000coolmatt@sorrowind.net', 'PENDING', 'AMOUNT_READ', 1.00, '2011-08-04 09:41:04', NULL),
(-428000577, 783714537, 'CHIPIN', '1312483536000arran.kelf@gmail.com', 'PENDING', 'COMMENT_READ', 5.00, '2011-08-04 12:45:36', 'Hey romscout, the second stream isn''t on. Don''t read this part out, but get someone there to join #sgdq on the main SDA IRC server so we can tell you when shit goes wrong, thanks.'),
(-427607132, -679819451, 'CHIPIN', '1312582406000ibuythings@hotmail.co.uk', 'PENDING', 'COMMENT_READ', 5.00, '2011-08-05 16:13:26', 'Look at gombill in the blue shirt, what a beast...... shoutouts to srl and sda Love from sicko ~'),
(-425394056, 907107372, 'CHIPIN', '1312557130000nauhhouner@yahoo.com', 'PENDING', 'COMMENT_READ', 20.00, '2011-08-05 09:12:10', 'Right side should all use seahorse for the rest of the race.'),
(-419993254, 812300436, 'CHIPIN', '1312584232000coolmatt@sorrowind.net', 'PENDING', 'COMMENT_READ', 5.00, '2011-08-05 16:43:52', '$5 as promised for challenge, keep up the good work!'),
(-419753939, 1424011943, 'CHIPIN', '1312517772000tylermacintosh@gmail.com', 'PENDING', 'COMMENT_READ', 5.00, '2011-08-04 22:16:12', 'I''m donating simply because the guy on the back right of the stream is awesome. Keep it up. -Tyler "Ice Climbers"'),
(-419362619, -1250575576, 'CHIPIN', '1312607571000llcooldave@gmail.com', 'PENDING', 'COMMENT_READ', 50.00, '2011-08-05 23:12:51', 'HUZZAH! Good Luck with the run Nitrodon, got up early just to watch it. I''d also like to use this to let you guys know that me and a friend of mine (Thore Brand, good luck pronouncing that one right) are donating a copy of Portal and Left 4 Dead 2 each during the respective runs. Just send me the e-mails once they are drawn.'),
(-418802905, -857257343, 'CHIPIN', '1312488888000kirha_twin@hotmail.com', 'PENDING', 'AMOUNT_READ', 3.99, '2011-08-04 14:14:48', NULL),
(-416577412, -1336594992, 'CHIPIN', '1312567725000russguy@gmail.com', 'PENDING', 'COMMENT_READ', 10.00, '2011-08-05 12:08:45', 'sup Powers for arena bosses.'),
(-416491931, 812300436, 'CHIPIN', '1312520503000coolmatt@sorrowind.net', 'PENDING', 'COMMENT_READ', 1.00, '2011-08-04 23:01:43', 'Reminder for romscout to view that pro image :P http://dl.dropbox.com/u/41063/sda/rompunchout.png'),
(-413555259, -2109070751, 'CHIPIN', '1312588311000shadoww3@hotmail.com', 'PENDING', 'COMMENT_READ', 10.00, '2011-08-05 17:51:51', 'For the d-world of a thousand champions. Yours in profesionallism, Blechy'),
(-409930713, -1539437719, 'CHIPIN', '1312609445000shahmehdi327@gmail.com', 'PENDING', 'COMMENT_READ', 10.00, '2011-08-05 23:44:05', 'loving the stream so far! Are you guys excited as much as I am for Cave Story 3ds? (Also put this money for Terra for Birth by Sleep)'),
(-408006992, 1147114538, 'CHIPIN', '1312494999000peppertiger85@gmail.com', 'PENDING', 'COMMENT_READ', 11.00, '2011-08-04 15:56:39', 'I should be working on physics ,but this is so much more interesting'),
(-399171896, -2047634984, 'LOCAL', '-399171896', 'PENDING', 'COMMENT_READ', 20.00, '2011-08-05 21:50:54', ''),
(-398648341, -1809048273, 'CHIPIN', '1312611783000yeknom_yknuf@hotmail.com', 'PENDING', 'COMMENT_READ', 15.00, '2011-08-06 00:23:03', '$5 for a better final cave than AGDQ $5 for the spike skip in hell $5 for beating my best recorded time I would donate more, but that''s all I''ve got at the moment. I''m gonna do my best to learn the game so that you aren''t the only speedrunner of this awesome game!'),
(-397121631, -1848182435, 'CHIPIN', '1312498947000kingzog@gmail.com', 'PENDING', 'COMMENT_READ', 50.00, '2011-08-04 17:02:27', 'Mega Man 9 - Buster Ony Love the Mega Man 1 zip tricks'),
(-396893569, -616824464, 'CHIPIN', '1312586323000mike_ckd@hotmail.co.uk', 'PENDING', 'COMMENT_READ', 5.95, '2011-08-05 17:18:43', 'Gotta try for that plushie.'),
(-394972371, 1168361227, 'CHIPIN', '1312585271000dballin4@gmail.com', 'PROCESSED', 'COMMENT_READ', 5.00, '2011-08-05 17:01:11', '+1 for the Ball!! Also put this toward Terra! :heart:'),
(-394314157, 866315899, 'CHIPIN', '1312498038000leoleocalixto@gmail.com', 'PENDING', 'COMMENT_READ', 1.00, '2011-08-04 16:47:18', 'Send a hug to Kollapso! =D'),
(-390828392, -2128373590, 'CHIPIN', '1312600072000edailey18@yahoo.com', 'PENDING', 'COMMENT_READ', 10.00, '2011-08-05 21:07:52', 'This is for the 3 days of entertainment and the drawing for the 3DS.'),
(-388351234, -1451389776, 'CHIPIN', '1312482926000jockolanty@gmail.com', 'PENDING', 'COMMENT_READ', 10.00, '2011-08-04 12:35:26', 'God save the [Metroid] Queen! My donation goes toward seeing the speed run for one of my all time favorite games, Super Metroid.'),
(-387636472, -1903262445, 'CHIPIN', '1312582543000cgibson1976@comcast.net', 'PROCESSED', 'COMMENT_READ', 4.00, '2011-08-05 16:15:43', 'For KH1....OMG it''s a tie...how dramatic amirite?'),
(-383675175, -1903262445, 'CHIPIN', '1312491632000cgibson1976@comcast.net', 'PENDING', 'COMMENT_READ', 50.00, '2011-08-04 15:00:32', 'Pie -Piewexil It WILL happen!'),
(-382334278, 953328597, 'CHIPIN', '1312574428000sacredskullkid@gmail.com', 'PENDING', 'COMMENT_READ', 10.00, '2011-08-05 14:00:28', '(mecha richter) Just thought I''d say that rom and Jman are doing a great job right now, and Jman is a beast and mashing that Y button. :P Also, hoping to win the Sword Kirby plushie because it''s ADOWABLE! :3'),
(-382205784, 1311505427, 'CHIPIN', '1312573829000rrtycoon2@yahoo.com', 'PROCESSED', 'COMMENT_READ', 10.01, '2011-08-05 13:50:29', 'Well, here''s 10 for the futile effort to play KH2, even though I''ve never seen nor played either game...and one penny toward the even more futile effort to play LttP any%.'),
(-378699776, 812300436, 'CHIPIN', '1312556368000coolmatt@sorrowind.net', 'PENDING', 'COMMENT_READ', 20.00, '2011-08-05 08:59:28', '$20 if the right team (winning team) does not jump for one stage (except where physically impossible).'),
(-375040503, -1539437719, 'CHIPIN', '1312615043000shahmehdi327@gmail.com', 'PENDING', 'COMMENT_READ', 5.00, '2011-08-06 01:17:23', 'Hey guys, donating another 5$ for the Mr.T Pearler Also, how much would I have to donate to get all the radio signals in portal :P'),
(-372618693, -1510826948, 'CHIPIN', '1312588070000jal2001@hotmail.com', 'PENDING', 'COMMENT_READ', 50.00, '2011-08-05 17:47:50', 'Hey guys. Love your speedrun marathon charity extravaganzas. Have some money. You guys are the men (or women whichever the case may be). Let me know if we don''t say that anymore.'),
(-369465027, 968974172, 'CHIPIN', '1312544725000skullboyax84@aol.com', 'PENDING', 'AMOUNT_READ', 15.00, '2011-08-05 05:45:25', NULL),
(-361007342, -856719874, 'CHIPIN', '1312561262000nosajelom@hotmail.com', 'PENDING', 'COMMENT_READ', 15.00, '2011-08-05 10:21:02', 'Great Runs so far. keep up the good work.'),
(-351634297, 395763787, 'CHIPIN', '1312487065000n_ranta@hotmail.com', 'PENDING', 'COMMENT_READ', 10.00, '2011-08-04 13:44:25', 'For the 3DS draw :3 This is the third marathon I''ve watched. I''m lucky enough to have a work-free weekend, so I will see most of this. Thanks for doing this, again :)'),
(-344283383, -996608574, 'CHIPIN', '1312561783000rjt210@lehigh.edu', 'PENDING', 'COMMENT_READ', 10.00, '2011-08-05 10:29:43', 'This "French" is making me cringe. How about some Italian?'),
(-339086123, 745724163, 'CHIPIN', '1312602015000hellotherefriend52@hotmail.com', 'PENDING', 'COMMENT_READ', 1.50, '2011-08-05 21:40:15', 'Putting a little towards Aqua, for purely non-biased reasons.'),
(-315794567, -506297312, 'CHIPIN', '1312483964000bigbadfox@gmail.com', 'PENDING', 'COMMENT_READ', 10.00, '2011-08-04 12:52:44', 'Towards Kingdom Hearts 1. Would also like to say a happy 8 month anniversary to Cody - love you sweetheart, now and forever; your Jimmy.'),
(-311311150, -466940326, 'CHIPIN', '1312578029000vegeta_fan2005@gmx.de', 'PROCESSED', 'COMMENT_READ', 10.00, '2011-08-05 15:00:29', 'Hey guys, awesome marathon as always. Here are 10 USD for a chance to win the Sword Kirby. Also count these towards KH2, because races rock^^ keep up the awesome work And greetings from Germany'),
(-303797694, -65938515, 'CHIPIN', '1312598011000typoczyn@gmail.com', 'PROCESSED', 'COMMENT_READ', 40.00, '2011-08-05 20:33:31', 'EPSY for ALttP name.'),
(-303783034, 1977254389, 'CHIPIN', '1312611148000doctordos@gmail.com', 'PENDING', 'COMMENT_READ', 13.37, '2011-08-06 00:12:28', 'Final Cave without getting hit? I am in absolute awe. I think $13.37 is a fitting amount for that! (And let''s also put that $13.37 towards LUNK on LttP again!) - Dr. Dos'),
(-298191593, -1627543688, 'CHIPIN', '1312484513000jaredminnihan24@yahoo.com', 'PENDING', 'COMMENT_READ', 10.00, '2011-08-04 13:01:53', 'I missed most of Blaster Master when my internet went down, but it looked like the marathon got off to a smooth start, so congratulations. Also putting this donation to Julius mode Dawn of Sorrow.'),
(-290621254, 812300436, 'CHIPIN', '1312554377000coolmatt@sorrowind.net', 'PENDING', 'COMMENT_READ', 20.00, '2011-08-05 08:26:17', 'Random Challenge: $20 if the teams use only sandwich fighting for 1 boss.'),
(-287183607, 1770507651, 'CHIPIN', '1312492056000sebastian-rugby@bredband.net', 'PENDING', 'AMOUNT_READ', 15.00, '2011-08-04 15:07:36', NULL),
(-273216820, 1311505427, 'CHIPIN', '1312502845000rrtycoon2@yahoo.com', 'PENDING', 'AMOUNT_READ', 5.00, '2011-08-04 18:07:25', NULL),
(-253948553, -303491936, 'CHIPIN', '1312607515000jonnyjamespedro@hotmail.com', 'PENDING', 'COMMENT_READ', 20.00, '2011-08-05 23:11:55', 'Loving the marathon, keep it up! Hoping to have a chance at winning a 3DS. I 3 UltraJMan.'),
(-252573903, 2037458682, 'CHIPIN', '1312592575000romscout@gmail.com', 'PROCESSED', 'COMMENT_READ', 10.00, '2011-08-05 19:02:55', 'Dessyreqt''s phone has some amazing songs on it. Kuru Kuru Rock! Love you, Arrow.'),
(-236835968, -164867650, 'CHIPIN', '1312535556000stanskij@msu.edu', 'PENDING', 'COMMENT_READ', 0.01, '2011-08-05 03:12:36', 'Well, you did say every donation was appreciated! :-D'),
(-218436868, 279877921, 'CHIPIN', '1312594774000spkelly@alumni.cmu.edu', 'PENDING', 'COMMENT_READ', 70.00, '2011-08-05 19:39:34', 'No hard feelings- I did have this in reserve for Disco had the situation become dire- way to go community for not calling my bluff :)'),
(-215567249, -548339014, 'CHIPIN', '1312608916000jjgrande1960@msn.com', 'PENDING', 'COMMENT_READ', 10.00, '2011-08-05 23:35:16', 'Please put this for Aqua. Great job with the marathon, and thanks once again for ruining my sleep schedule. ;)'),
(-208070034, 34947962, 'CHIPIN', '1312613415000pavl0080@umn.edu', 'PENDING', 'AMOUNT_READ', 20.00, '2011-08-06 00:50:15', NULL),
(-207384750, -595838104, 'CHIPIN', '1312507628000tiki77747@gmail.com', 'PENDING', 'COMMENT_READ', 15.00, '2011-08-04 19:27:08', 'Good luck to everyone and I 3 Duckfist!!!'),
(-184329750, 149458376, 'CHIPIN', '1312499965000john@lapinskas.co.uk', 'PENDING', 'COMMENT_READ', 5.00, '2011-08-04 17:19:25', 'Great zipping!'),
(-181907367, 812300436, 'CHIPIN', '1312471514000coolmatt@sorrowind.net', 'PROCESSED', 'COMMENT_READ', 6.00, '2011-08-04 09:25:14', 'Six dollars of early donation awesomeness. All you marathon runners are truly THE MAN/WOMAN.'),
(-181720350, -1941631437, 'CHIPIN', '1312511110000captaincanuck@gmail.com', 'PROCESSED', 'COMMENT_READ', 10.01, '2011-08-04 20:25:10', 'This is for Donkey Kong ''94, a TRUE CLASSIC of the Gameboy. That game ruined me when I was eight, and I want to see somebody put it in its place. Excellent work, gentlemen and baby.'),
(-179492258, -1950153657, 'CHIPIN', '1312573102000pab.bach@hotmail.fr', 'PENDING', 'COMMENT_READ', 40.00, '2011-08-05 13:38:22', 'DAT FRENCH ACCENT during rayman 2 was so funny...yeah you know, cause i''m totally not french :3 Keep up the good work !'),
(-175882711, -989320335, 'CHIPIN', '1312542989000arnovdengel@hotmail.com', 'PENDING', 'AMOUNT_READ', 15.00, '2011-08-05 05:16:29', NULL),
(-167577394, -124084627, 'CHIPIN', '1312587386000bahamutdragons@yahoo.com', 'PENDING', 'COMMENT_READ', 5.00, '2011-08-05 17:36:26', 'Super Mario 64, For the Wing! (hat)'),
(-166560177, -1333521171, 'CHIPIN', '1312592494000le_shad@hotmail.fr', 'PROCESSED', 'COMMENT_READ', 11.11, '2011-08-05 19:01:34', 'Hey people, thanks for being nerds to the end! Great runs of great games all around, that''s just the best. Put that money towards weaponless Mirror''s Edge, will ya? And keep being awesome.'),
(-158272454, 188977900, 'CHIPIN', '1312593688000pevergreen@pevergreen.com', 'PENDING', 'COMMENT_READ', 30.00, '2011-08-05 19:21:28', '$30 for Mirrors edge weaponless and for Arrow/We Love Katamari! - pevergren'),
(-152669123, -454101817, 'CHIPIN', '1312520762000coingray@gmail.com', 'PENDING', 'COMMENT_READ', 5.00, '2011-08-04 23:06:02', 'This is for the song.'),
(-131684738, 357312643, 'CHIPIN', '1312588978000shayne.t.hill@gmail.com', 'PROCESSED', 'COMMENT_READ', 10.00, '2011-08-05 18:02:58', 'Putting in $10 toward the Mirror''s Edge Weaponless goal.'),
(-126768263, -1423978798, 'CHIPIN', '1312581222000weird_al@hotmail.co.uk', 'PENDING', 'AMOUNT_READ', 10.00, '2011-08-05 15:53:42', NULL),
(-117960541, -1556496002, 'CHIPIN', '1312491730000rogueshenanigans@googlemail.com', 'PENDING', 'COMMENT_READ', 3.14, '2011-08-04 15:02:10', 'Pie for Piewexil'),
(-116143442, -1379951284, 'CHIPIN', '1312594578000stevetheaviddreamer@gmail.com', 'PENDING', 'COMMENT_READ', 50.00, '2011-08-05 19:36:18', 'from AKA SteveTheDreamer This donation goes to Disco Prince. I''ve played this game alot and I feel your pain Arrow. Also I want a chance at that Katamari Hat. Thanks to all of SDA and everyone who helped put on this marathon. Once again, you all are a huge inspiration raising so much money for charity. And special thanks to Essentia for hosting this at her house.'),
(-112108883, -1250575576, 'CHIPIN', '1312511101000llcooldave@gmail.com', 'PENDING', 'COMMENT_READ', 50.00, '2011-08-04 20:25:01', 'Donkey Kong ''94 is happening, anything else would just be stupid.'),
(-106166175, 812300436, 'CHIPIN', '1312605129000coolmatt@sorrowind.net', 'PENDING', 'COMMENT_READ', 5.00, '2011-08-05 22:32:09', 'This is a challenge: say all the VVVVVV character names 5 times fast. I don''t care who does it, as long as it''s on commentary stream.'),
(-100146773, 1978636115, 'CHIPIN', '1312495053000asakura.ha0@hotmail.com', 'PENDING', 'COMMENT_READ', 10.00, '2011-08-04 15:57:33', 'Hey guys, great runs so far. Awesome marathon. Keep up the great work.'),
(-73134915, 1958210318, 'CHIPIN', '1312607579000anarchoelk@gmail.com', 'PENDING', 'COMMENT_READ', 10.00, '2011-08-05 23:12:59', 'Elk from 91.8 The Fan here again, sending our fans here as much as we can!'),
(-69427002, 1169150792, 'CHIPIN', '1312601475000collectorsadditionstoronto@gmail.com', 'PENDING', 'COMMENT_READ', 15.00, '2011-08-05 21:31:15', 'I donated for the nutshots anyway because it was funny, and really, that''s all that counts in the end.'),
(-67358505, 812300436, 'CHIPIN', '1312517018000coolmatt@sorrowind.net', 'PENDING', 'COMMENT_READ', 1.00, '2011-08-04 22:03:38', 'What is a speedrunner? A miserable pile of glitches!'),
(-55799317, 1008030723, 'CHIPIN', '1312491340000vogt@cs.ualberta.ca', 'PENDING', 'COMMENT_READ', 100.00, '2011-08-04 14:55:40', 'I don''t care if it''s bananas in the ears or pie in the face; this $100 is because I''d love to see Laurelyn do it to the victim. It''s not enough to be humiliated in front of an audience -- you have to be humiliated by a little girl, too ;) --Poxnor'),
(-54342032, 812300436, 'CHIPIN', '1312514251000coolmatt@sorrowind.net', 'PENDING', 'COMMENT_READ', 1.00, '2011-08-04 21:17:31', 'I just want to tell you good luck. We''re all counting on you.'),
(-53956164, -1223091447, 'CHIPIN', '1312581909000ssancha@me.com', 'PENDING', 'COMMENT_READ', 5.00, '2011-08-05 16:05:09', 'Apparently some guy beat me to the pun-ch with my last pun. So now I will sew him for pun-itive damage.'),
(-52265270, -1394234025, 'CHIPIN', '1312502168000aneeslol@gmail.com', 'PROCESSED', 'COMMENT_READ', 15.00, '2011-08-04 17:56:08', 'Donating for Mario vs. Donkey Kong so Arrow can use the awesome skip I found. Good luck to him, and to everyone else of course! You all are benefiting a great cause.'),
(-38289067, 1503886210, 'LOCAL', '-38289067', 'PROCESSED', 'COMMENT_READ', 10.00, '2011-08-05 14:57:07', ''),
(-38147271, 176119121, 'CHIPIN', '1312530201000dc1131@txstate.edu', 'PENDING', 'COMMENT_READ', 0.50, '2011-08-05 01:43:21', 'MY NAME ZANDKUN. THANK U FOR PLAYING THIS GAME. IM WATCHING. I HOPE U WIN.'),
(-32292332, -776078525, 'CHIPIN', '1312487342000stephen.joseph.bloom@gmail.com', 'PENDING', 'AMOUNT_READ', 11.11, '2011-08-04 13:49:02', NULL),
(-31007885, -682245900, 'CHIPIN', '1312537780000kingedgar0@gmail.com', 'PENDING', 'COMMENT_READ', 5.00, '2011-08-05 03:49:40', 'I''ve been waiting for this run as well. Staying up until the sun comes up was worth it. Keep up the great work everyone.'),
(-30515899, 1993407651, 'CHIPIN', '1312572287000toothache42@gmail.com', 'PENDING', 'COMMENT_READ', 10.00, '2011-08-05 13:24:47', 'Toothache here, donating for a chance at the awesome Kirby prizes. Keep up the great work all!'),
(-28541449, -616824464, 'CHIPIN', '1312587728000mike_ckd@hotmail.co.uk', 'PENDING', 'COMMENT_READ', 5.33, '2011-08-05 17:42:08', 'The $5 is for Wing Cap. The $.33 is to even out the donation total.'),
(-3605423, -123888873, 'CHIPIN', '1312581951000hexkrak@hexkrak.com', 'PENDING', 'COMMENT_READ', 5.00, '2011-08-05 16:05:51', 'From the guys at VoltronArmy.com, watching you on VAtv. Keep up the good work!'),
(-995221, 604955471, 'CHIPIN', '1312591282000swinginfiend@hotmail.com', 'PENDING', 'COMMENT_READ', 10.00, '2011-08-05 18:41:22', 'Anyone want a sandwich?'),
(14053653, -1939435653, 'CHIPIN', '1312502660000thesounddefense@gmail.com', 'PROCESSED', 'COMMENT_READ', 5.00, '2011-08-04 18:04:20', 'I would like to put this $5 toward the Mettool hat, and the VVVVVV trinkets. I''ll have you do Veni Vidi Vici if it''s the last thing I do! If I need to do just one, the Mettool hat please. Thanks for doing awesome streams that are awesome!'),
(15939177, -138074251, 'CHIPIN', '1312546818000creamola@yahoo.com', 'PENDING', 'COMMENT_READ', 30.00, '2011-08-05 06:20:18', 'For the target mania in canon and some great flying skills in Light Velocity'),
(21197428, -2140913230, 'CHIPIN', '1312486885000sansaradiart@live.com', 'PENDING', 'COMMENT_READ', 10.00, '2011-08-04 13:41:25', 'I made 2 donations this is Eliwood, Great runs so far too bad I won''t be able to see SOTN, but I hope to see it uploaded, I also have a nephew with Autism thank you so much for doing a run for this charity'),
(24768074, -1864070707, 'CHIPIN', '1312575180000eric.haraldsson@gmail.com', 'PENDING', 'COMMENT_READ', 10.00, '2011-08-05 14:13:00', 'Great job so far peoples! Here''s 10 bucks, with 10 more in it for you if everyone in the room do the wave!(like the audience at a sports event you know)'),
(28189965, -1245650066, 'CHIPIN', '1312488348000mikw_uyma@hotmail.com', 'PROCESSED', 'COMMENT_READ', 10.00, '2011-08-04 14:05:48', 'I don''t know Mario vs DK, so let''s keep it old school and go with DK 94!'),
(30204702, 1669175294, 'CHIPIN', '1312607094000jwcarlso@gmail.com', 'PENDING', 'COMMENT_READ', 10.00, '2011-08-05 23:04:54', 'If Greg B is watching this, he should donate too.'),
(33591418, -682245900, 'CHIPIN', '1312611151000kingedgar0@gmail.com', 'PENDING', 'COMMENT_READ', 10.00, '2011-08-06 00:12:31', 'Amazing hell run Nitrodon!'),
(44255726, -856719874, 'CHIPIN', '1312578643000nosajelom@hotmail.com', 'PROCESSED', 'COMMENT_READ', 15.00, '2011-08-05 15:10:43', 'Go Kirby and KH2!'),
(50483444, 783714537, 'CHIPIN', '1312570237000arran.kelf@gmail.com', 'PENDING', 'COMMENT_READ', 10.00, '2011-08-05 12:50:37', 'Donating $10 for you to talk like a 1920s era Gangster. Nyeah, sheee?'),
(54384254, 1406833797, 'CHIPIN', '1312610240000infectiousceryx@gmail.com', 'PENDING', 'COMMENT_READ', 5.00, '2011-08-05 23:57:20', 'HUZZAH... This is working I guess? :D'),
(63175204, -928409741, 'CHIPIN', '1312577886000e.m.hibbs@gmail.com', 'PROCESSED', 'COMMENT_READ', 10.00, '2011-08-05 14:58:06', 'Come on UltraJMan, the line is: Yeah, this game is cute, but I hate the way it just strings you along. Put this donation towards the runner''s favorite ToeJam and Earl character.'),
(65454995, 655330714, 'CHIPIN', '1312578294000searcher800@bellsouth.net', 'PENDING', 'AMOUNT_READ', 25.00, '2011-08-05 15:04:54', NULL),
(70672228, 149458376, 'CHIPIN', '1312505333000john@lapinskas.co.uk', 'PENDING', 'COMMENT_READ', 5.00, '2011-08-04 18:48:53', 'For a very tense race and a well-earned victory!'),
(73183932, -454101817, 'CHIPIN', '1312605165000coingray@gmail.com', 'PENDING', 'COMMENT_READ', 5.00, '2011-08-05 22:32:45', '3'),
(81422672, -601417617, 'CHIPIN', '1312514964000goheels14@mindspring.com', 'PENDING', 'COMMENT_READ', 20.00, '2011-08-04 21:29:24', 'Everything looks great so far from what I''ve seen of it. Keep up the good work. Wish I could be there, but Earthbound is standing by for January at least! haha.'),
(104563696, -2140913230, 'CHIPIN', '1312486254000sansaradiart@live.com', 'PENDING', 'AMOUNT_READ', 10.00, '2011-08-04 13:30:54', NULL),
(108000762, 1916774458, 'CHIPIN', '1312542005000fredrik@lidholt.se', 'PENDING', 'COMMENT_READ', 10.00, '2011-08-05 05:00:05', 'Great cause, great games, great entertainment. Cheers from Sweden!'),
(116168626, 334747921, 'CHIPIN', '1312556104000m.r.uttaro@gmail.com', 'PENDING', 'COMMENT_READ', 5.00, '2011-08-05 08:55:04', 'Great job so far, everyone! I must have that red-knight plushie (Even though the blue knight is by far the superior character).'),
(135833890, -1736041523, 'CHIPIN', '1312491240000michaelpereen@gmail.com', 'PENDING', 'COMMENT_READ', 10.00, '2011-08-04 14:54:00', 'Wow! You''ve done it!'),
(136213839, 1966341789, 'CHIPIN', '1312581335000onlyforonce@hotmail.co.uk', 'PROCESSED', 'COMMENT_READ', 1.00, '2011-08-05 15:55:35', 'Please put this 1 dollar towards toejam, because to one else wil...'),
(141227884, 812300436, 'CHIPIN', '1312579642000coolmatt@sorrowind.net', 'PENDING', 'COMMENT_READ', 1.00, '2011-08-05 15:27:22', 'kubelwagon is really ... threading the needle... with this speedrun. I hope he doesn''t ... string us... along too long!'),
(142149883, -1245650066, 'CHIPIN', '1312215262000mikw_uyma@hotmail.com', 'PROCESSED', 'COMMENT_READ', 1.00, '2011-08-01 10:14:22', 'Test'),
(157566709, -1903262445, 'CHIPIN', '1312584852000cgibson1976@comcast.net', 'PROCESSED', 'COMMENT_READ', 20.00, '2011-08-05 16:54:12', 'It''s not gonna win most likely but this 20$ is to name the Minish Cap game "Cthulu"'),
(162821092, -1544837269, 'CHIPIN', '1312546364000kyle.gilsdorf@asu.edu', 'PENDING', 'COMMENT_READ', 25.00, '2011-08-05 06:12:44', 'Hey, thanks for this site.'),
(166725063, 188977900, 'CHIPIN', '1312522577000pevergreen@pevergreen.com', 'PENDING', 'COMMENT_READ', 50.00, '2011-08-04 23:36:17', 'Hoping to hear more puns, can''t wait for L4D2 and the 300 pingy goodness - pevergreen'),
(186248271, 1147114538, 'CHIPIN', '1312504023000peppertiger85@gmail.com', 'PENDING', 'COMMENT_READ', 5.00, '2011-08-04 18:27:03', 'Donating for darkKobold inevitable victory'),
(194286854, -1312856429, 'CHIPIN', '1312610264000havenw@gmail.com', 'PENDING', 'COMMENT_READ', 5.00, '2011-08-05 23:57:44', 'Thanks for doing this event, really enjoying it. Hope to see some crazy stuff during Quake 2. Donating the $5 towards the cave story stuff'),
(195160351, 1609981768, 'CHIPIN', '1312490918000matthias.lisin@googlemail.com', 'PENDING', 'AMOUNT_READ', 13.37, '2011-08-04 14:48:38', NULL),
(198981857, 188977900, 'CHIPIN', '1312594591000pevergreen@pevergreen.com', 'PENDING', 'COMMENT_READ', 70.00, '2011-08-05 19:36:31', '$70 for Disco Prince, because Arrow is a champ.'),
(200312778, -612641648, 'CHIPIN', '1312483584000koen.jwt@gmail.com', 'PENDING', 'COMMENT_READ', 20.00, '2011-08-04 12:46:24', 'Greetings from the Netherlands!'),
(202310008, -996608574, 'CHIPIN', '1312484305000rjt210@lehigh.edu', 'PENDING', 'COMMENT_READ', 10.00, '2011-08-04 12:58:25', 'Hi SDA! Marathons are cool! Can you split this as $5 for Mega Man 9 Buster-Only and $5 for Banana Cream Piewexil? Keep up the awesomeness!'),
(203460269, 1207016868, 'CHIPIN', '1312587163000aleck47@ymail.com', 'PROCESSED', 'COMMENT_READ', 20.00, '2011-08-05 17:32:43', 'Great work with the charities. It''s awesome how much money you guys raise each time. Also kudos for picking good charities. This money is for either Lunk or Dink, whichever ends up with more money. BTW, my last name is pronounced "keen", nobody gets it right the first time.'),
(209215277, 812300436, 'CHIPIN', '1312567159000coolmatt@sorrowind.net', 'PENDING', 'COMMENT_READ', 10.00, '2011-08-05 11:59:19', 'Rayman voices: Someone needs to talk like Dracula from CV: Symphony of the Night.'),
(209841920, -743831482, 'CHIPIN', '1312529205000poulain.gilles@gmail.com', 'PENDING', 'AMOUNT_READ', 10.00, '2011-08-05 01:26:45', NULL),
(209905926, 1730848447, 'CHIPIN', '1312494062000emailskratman@yahoo.com', 'PENDING', 'COMMENT_READ', 5.00, '2011-08-04 15:41:02', 'Ryu perler FTW!! Great runs so far; special thanks to UA & Feasel for their runs of games I loved as a kid! And don''t think this measly $5 is the last of my donations. I''ll be sending a bunch more over the course of the marathon! Love SDA and your members!! -SDA''s SkratMan / TheReadMenace'),
(228026468, 953328597, 'CHIPIN', '1312485187000sacredskullkid@gmail.com', 'PENDING', 'COMMENT_READ', 35.00, '2011-08-04 13:13:07', '(Mecha Richter) $25 for Bananawing Duckola and $10 for DoS Soma. Gotta look out for my bud Puwexil. :)'),
(244827975, -996608574, 'CHIPIN', '1312602345000rjt210@lehigh.edu', 'PENDING', 'COMMENT_READ', 5.00, '2011-08-05 21:45:45', 'This $5 is for Brossentia''s amazing evil stare at the camera. And for the awesome run. Put this toward whichever Birth By Sleep character Brossentia chooses!'),
(251042760, -396180415, 'CHIPIN', '1312615744000damienmoody26@gmail.com', 'PENDING', 'COMMENT_READ', 10.00, '2011-08-06 01:29:04', 'Here''s $10 toward getting you guys to sing. I may fire up Rock Band and play along on guitar =)'),
(259090994, -579065678, 'CHIPIN', '1312593259000fuzzmosis@hotmail.com', 'PROCESSED', 'COMMENT_READ', 20.00, '2011-08-05 19:14:19', '20 dollars to make the complaining dog stop complaining. If that''s not possible, 20 bucks for KH1!'),
(298906265, -398949798, 'CHIPIN', '1312592130000ngulick@gmail.com', 'PENDING', 'COMMENT_READ', 10.00, '2011-08-05 18:55:30', 'Roll up another 10 dollars... for that hat!'),
(300315153, -577760991, 'CHIPIN', '1312501629000bobmcbob42@gmail.com', 'PENDING', 'COMMENT_READ', 10.00, '2011-08-04 17:47:09', 'A shoutout to both the speedrunners and the TASers of Yoshi''s Island, nxcy hurry up and finish 100%.'),
(300337694, 313411128, 'CHIPIN', '1312579563000wtp_101@hotmail.com', 'PROCESSED', 'COMMENT_READ', 10.00, '2011-08-05 15:26:03', 'Long time lurker, old timey PC speedrunner (Helped with a run of "They Hunger" back in the day) and loving all the awesome that''s still coming out of this community! And put my $10 towards KH1!'),
(301502986, -1524083224, 'CHIPIN', '1312579968000flare.k.n.ight.1.2.3.3@gmail.com', 'PROCESSED', 'COMMENT_READ', 5.00, '2011-08-05 15:32:48', '$5 for KH2, I''m enjoying watching the Speed runs. (Don''t say this, but I had to submit this twice because I forgot to comment the first time XD)'),
(306931012, -590264381, 'CHIPIN', '1312571438000jokopsch@gmx.de', 'PENDING', 'COMMENT_READ', 15.00, '2011-08-05 13:10:38', 'This is awesome :) watching the stream ist just great :)'),
(309928410, 1071535880, 'CHIPIN', '1312518813000imagesfromapoet@gmail.com', 'PENDING', 'COMMENT_READ', 5.00, '2011-08-04 22:33:33', 'This five bucks is for punch whatever thing stuff that people want to have happen. Also please tell roomscoot he is breaking things and I love it. - Samm'),
(311115522, 1607386348, 'CHIPIN', '1312577470000p_carroll@yahoo.com', 'PENDING', 'COMMENT_READ', 20.00, '2011-08-05 14:51:10', 'I would have gone for $50, if there was a speed run between Laurelyn and Celise...'),
(311697504, 1169150792, 'CHIPIN', '1312607240000collectorsadditionstoronto@gmail.com', 'PENDING', 'COMMENT_READ', 10.00, '2011-08-05 23:07:20', '(aka theenglishman) I never got very far into Cave Story, but seeing others beat it fast is always neat, assuming the stream stops lagging so much of course...'),
(315337738, 812300436, 'CHIPIN', '1312508584000coolmatt@sorrowind.net', 'PENDING', 'COMMENT_READ', 1.00, '2011-08-04 19:43:04', 'Who needs TAS when you have Duckfist?'),
(316627498, 812300436, 'CHIPIN', '1312514158000coolmatt@sorrowind.net', 'PENDING', 'COMMENT_READ', 1.00, '2011-08-04 21:15:58', 'I just want to tell you both good luck. We''re all counting on you.'),
(316713625, -536695114, 'CHIPIN', '1312593462000vilniusalesund@gmail.com', 'PROCESSED', 'COMMENT_READ', 20.00, '2011-08-05 19:17:42', 'This is for the Mirror''s Edge weaponless run. That game''s combat was frustrating enough with them so I''d love to see it without them.'),
(323656991, 760329, 'CHIPIN', '1312571335000mpn1982@gmx.net', 'PENDING', 'COMMENT_READ', 50.00, '2011-08-05 13:08:55', 'Greetings from Germany. You are amazing. I will stay up all night and enjoy your show. (this donation is for Kirby: Nightmare in Dreamland)'),
(325282116, 1381528341, 'CHIPIN', '1312611131000bjamesboaz@hotmail.com', 'PENDING', 'COMMENT_READ', 10.00, '2011-08-06 00:12:11', 'For the impressive no-hit run on the final cave. Amazing job!'),
(330744676, -928409741, 'CHIPIN', '1312520826000e.m.hibbs@gmail.com', 'PENDING', 'COMMENT_READ', 5.00, '2011-08-04 23:07:06', 'That was absolutely fantastic. Is it strange that I sang that at the monitor? Come on, Uyama... you know you did too.'),
(335666119, -702042783, 'CHIPIN', '1312493586000jazaaboo@gmail.com', 'PENDING', 'COMMENT_READ', 5.00, '2011-08-04 15:33:06', 'More money for I am the Wind! Though personally I''d have made you sing the English version of Nocturne. Oh well, cheesy music is awesome either way. Or horrible. I forget which.'),
(336483564, -1030158290, 'CHIPIN', '1312495558000karen@mysimpleoffice.com', 'PENDING', 'COMMENT_READ', 25.00, '2011-08-04 16:05:58', 'Go Dunnius!'),
(351271249, -596378429, 'CHIPIN', '1312489995000jonas.d.martinsson@gmail.com', 'PENDING', 'COMMENT_READ', 20.00, '2011-08-04 14:33:15', 'A question to announcing Andrew: Why is your nickname Promscout when your last name is Shredder? Keep up the good work! :D'),
(370521057, -1864070707, 'CHIPIN', '1312575765000eric.haraldsson@gmail.com', 'PENDING', 'COMMENT_READ', 9.99, '2011-08-05 14:22:45', 'Boo, the players didn''t do the wave! Now you have to settle for $9.99 instead of the promised 10... :| Rock on!'),
(373874043, -682245900, 'CHIPIN', '1312482401000kingedgar0@gmail.com', 'PENDING', 'COMMENT_READ', 5.00, '2011-08-04 12:26:41', 'First donation of the marathon, but definitely not the last. Thanks for putting together such a great event!'),
(373961373, 563913968, 'CHIPIN', '1312580989000peterknutsson@hotmail.com', 'PENDING', 'COMMENT_READ', 10.00, '2011-08-05 15:49:49', 'Here''s another 10 dollars, no strings attached.'),
(384343908, -1584726242, 'CHIPIN', '1312607112000cyberbotx@cyberbotx.com', 'PENDING', 'COMMENT_READ', 10.00, '2011-08-05 23:05:12', '$10 more for Puns for ALttP, also to remind Romscout to add my previous $20 as well. :P Also, Cave Story rocks, love the Moonsong track.'),
(385349512, 357312643, 'CHIPIN', '1312577415000shayne.t.hill@gmail.com', 'PROCESSED', 'COMMENT_READ', 20.00, '2011-08-05 14:50:15', 'Putting in my $20 toward KH2 because races are just more exciting.'),
(406575908, -1627543688, 'CHIPIN', '1312590652000jaredminnihan24@yahoo.com', 'PENDING', 'COMMENT_READ', 30.00, '2011-08-05 18:30:52', '$10 for every minute below an hour by SDA timing, awesome run, Gombill. Also put this toward a katamari song; I don''t remember the name, but it normally plays during the cowbear level.'),
(412508306, -1451389776, 'CHIPIN', '1312481322000jockolanty@gmail.com', 'PENDING', 'AMOUNT_READ', 25.00, '2011-08-04 12:08:42', NULL),
(415356743, 1891599342, 'CHIPIN', '1312608601000schoen1605@yahoo.com', 'PENDING', 'COMMENT_READ', 50.00, '2011-08-05 23:30:01', 'Great going, Nitrodon!'),
(417234574, -447476843, 'CHIPIN', '1312508443000reaper3978@msn.com', 'PROCESSED', 'COMMENT_READ', 30.00, '2011-08-04 19:40:43', 'hey finally got a chance to get home, start watching, and donate, seems like things are going great! Hope fun times are being had!'),
(422732647, 812300436, 'CHIPIN', '1312580170000coolmatt@sorrowind.net', 'PENDING', 'COMMENT_READ', 1.00, '2011-08-05 15:36:10', 'kubelwagon is really ... weaving ... his way through these levels.'),
(433308016, -1057546346, 'CHIPIN', '1312568228000flechett3@gmail.com', 'PENDING', 'COMMENT_READ', 20.00, '2011-08-05 12:17:08', 'flechett3 just tossing a 20 your way, SDA!'),
(443922298, -1524083224, 'CHIPIN', '1312579160000flare.k.n.ight.1.2.3.3@gmail.com', 'PENDING', 'AMOUNT_READ', 10.00, '2011-08-05 15:19:20', NULL),
(451235137, 1847702874, 'CHIPIN', '1312606203000fatkidscantfly@hotmail.com', 'PENDING', 'COMMENT_READ', 4.29, '2011-08-05 22:50:03', 'I saw i had some spare change on my paypal, so i decided to but it towards CAGE 2.'),
(459044338, 146483673, 'CHIPIN', '1312572237000tompa_1989@hotmail.com', 'PENDING', 'COMMENT_READ', 10.00, '2011-08-05 13:23:57', 'Here ya go! Someone smack Romscout for not speedrunning Link''s Awakening DX lately, thanks.'),
(460770023, 334747921, 'CHIPIN', '1312591395000m.r.uttaro@gmail.com', 'PROCESSED', 'COMMENT_READ', 20.00, '2011-08-05 18:43:15', 'Must...have...Katamari hat! Also, put my money towards "Lonely Rolling Star" for the Bigger, Big-ger music choice! ...wait, what? That''s not in We Love Katamari? Crap. Put it towards "Angel''s Rain" instead.'),
(462923311, -2020483383, 'CHIPIN', '1312558981000xinoea@gmail.com', 'PROCESSED', 'COMMENT_READ', 15.00, '2011-08-05 09:43:01', 'I think those Vuvuzelas put me off playing this game. BZZZZZZZZZZZZZZZZZZZZZZZZZZZ'),
(464152381, -368500037, 'CHIPIN', '1312511272000uraniumanchor@gmail.com', 'PROCESSED', 'COMMENT_READ', 50.00, '2011-08-04 20:27:52', 'Just cementing DK94.'),
(465192807, -1573165863, 'CHIPIN', '1312544593000niko.kinnunen@gmail.com', 'PENDING', 'COMMENT_READ', 15.00, '2011-08-05 05:43:13', 'Happy birthday XSlicer @ samus.co.uk!'),
(466685221, 1715769501, 'CHIPIN', '1312586565000samppa.lampio@gmail.com', 'PROCESSED', 'COMMENT_READ', 5.00, '2011-08-05 17:22:45', 'Gogo for No-Weapons Mirrors Edge! Good job for organizing YET another one of these events. You are doing good work. :)'),
(467530027, 1094908735, 'CHIPIN', '1312487047000emily.lizzi@yahoo.com', 'PENDING', 'COMMENT_READ', 10.00, '2011-08-04 13:44:07', 'Another donation for Bananawing Duckola. I can''t stand to see good pie wasted!'),
(468671752, -1109300881, 'CHIPIN', '1312487751000aocrounk@yahoo.com', 'PENDING', 'AMOUNT_READ', 15.00, '2011-08-04 13:55:51', NULL),
(469296492, 310017011, 'CHIPIN', '1312570408000lorisalisbury@verizon.net', 'PENDING', 'AMOUNT_READ', 45.00, '2011-08-05 12:53:28', NULL),
(472544092, 657402306, 'CHIPIN', '1312508728000bobby2661@hotmail.com', 'PROCESSED', 'COMMENT_READ', 10.00, '2011-08-04 19:45:28', 'ButtersBB here. I wish to donate for the name in Zelda: Minish Cap. I choose "Nasir," because he should be named after the greatest action RPG hero of our generation: The kid from Lagoon.'),
(483107657, 531130031, 'CHIPIN', '1312599050000vampauthor13@yahoo.com', 'PENDING', 'COMMENT_READ', 10.00, '2011-08-05 20:50:50', '$10 if you guys all give a nice shout out for me and my Fiancee! Jonathon and Kim, gamers in love, getting married Sept 17th! You Runners rock!'),
(484794648, 1008030723, 'CHIPIN', '1312583459000vogt@cs.ualberta.ca', 'PENDING', 'COMMENT_READ', 5.00, '2011-08-05 16:30:59', 'Plushey :) --Poxnor'),
(487157151, 1742970300, 'CHIPIN', '1312577084000bloody_shadow0@yahoo.com', 'PENDING', 'AMOUNT_READ', 10.00, '2011-08-05 14:44:44', NULL),
(488047294, -454101817, 'CHIPIN', '1312583996000coingray@gmail.com', 'PENDING', 'COMMENT_READ', 5.00, '2011-08-05 16:39:56', 'Keep up the good work! :D'),
(488451818, -776091500, 'CHIPIN', '1312535134000kris.soberg@telia.com', 'PENDING', 'COMMENT_READ', 144.41, '2011-08-05 03:05:34', 'Keep up the good work.'),
(495244594, 1730848447, 'CHIPIN', '1312604777000emailskratman@yahoo.com', 'PENDING', 'COMMENT_READ', 1.00, '2011-08-05 22:26:17', 'Vees! I have a bunch of random Steam games and this one always looked cool, but never purchased it. I''d love to give it a try! (hint hint) Lovin'' the runs, all for a great cause!'),
(496800946, -1631878301, 'CHIPIN', '1312521671000wpatnode@gmail.com', 'PROCESSED', 'COMMENT_READ', 15.00, '2011-08-04 23:21:11', 'Zelda ALTTP file name Word and keep up the awesome running @:-P~'),
(502505073, -164867650, 'CHIPIN', '1312535671000stanskij@msu.edu', 'PENDING', 'COMMENT_READ', 100.00, '2011-08-05 03:14:31', 'JK can''t be that much of a troll to just donate a penny! good job so far guys, I enjoy seeing the diversity of games so far compared to the usual speedruns in marathons.'),
(507648243, 334747921, 'CHIPIN', '1312509508000m.r.uttaro@gmail.com', 'PENDING', 'AMOUNT_READ', 5.00, '2011-08-04 19:58:28', NULL),
(515975659, 912573739, 'CHIPIN', '1312611895000warlordmcbride05@yahoo.com', 'PENDING', 'COMMENT_READ', 10.00, '2011-08-06 00:24:55', 'Oh! My donation towards KH:BBS name Terra'),
(520732021, 950956309, 'CHIPIN', '1312499915000sift2438@gmail.com', 'PROCESSED', 'COMMENT_READ', 20.00, '2011-08-04 17:18:35', 'Awesome job with the runs so far! Here''s for 2 more trinkets in VVVVVV.'),
(522761093, -215143334, 'CHIPIN', '1312574153000fouressentia@yahoo.com', 'PENDING', 'COMMENT_READ', 10.00, '2011-08-05 13:55:53', 'This $10 is actually from my mom, Ann Cook. She wanted to be entered into the drawing for the Kirby plushie! -Essentia'),
(539916456, 48823559, 'CHIPIN', '1312582676000pntsbttm@yahoo.com', 'PENDING', 'COMMENT_READ', 0.05, '2011-08-05 16:17:56', 'this five cents is for the awesome no death run on epic yarn. (It had to be done.)'),
(568467726, 604955471, 'CHIPIN', '1312589668000swinginfiend@hotmail.com', 'PROCESSED', 'COMMENT_READ', 5.00, '2011-08-05 18:14:28', 'My 5 dollars goes to the Minish Cap file named "Derp"'),
(568778811, -1123387506, 'CHIPIN', '1312493956000dialdereth@yahoo.com', 'PENDING', 'COMMENT_READ', 10.00, '2011-08-04 15:39:16', 'I love these streams you guys do. Keep up the good work!'),
(569868011, -1640962049, 'CHIPIN', '1312485670000fluojn@hotmail.com', 'PROCESSED', 'COMMENT_READ', 100.00, '2011-08-04 13:21:10', 'Kingdom Hearts 1 to end the Marathon plz. Sorry KH2 fans'),
(574429165, 362593557, 'CHIPIN', '1312556219000tom.m.cover@gmail.com', 'PROCESSED', 'COMMENT_READ', 5.00, '2011-08-05 08:56:59', 'A little money for the "Eyes Closed At Alien Ship Fund". Also, DIGGY DIGGY HOLE.'),
(579807420, -2020483383, 'CHIPIN', '1312538651000xinoea@gmail.com', 'PENDING', 'COMMENT_READ', 30.00, '2011-08-05 04:04:11', 'challengeaccepted.jpg'),
(589866096, -1339836080, 'CHIPIN', '1312605767000definelightning@gmail.com', 'PENDING', 'COMMENT_READ', 16.00, '2011-08-05 22:42:47', 'This donation is from both me and my girlfriend Amanda Lucero. Both of us were impressed at the VVVVVV run, so have 8 bits from each of us!'),
(590396971, 1135009388, 'CHIPIN', '1312601982000rizukomesu@gmail.com', 'PENDING', 'COMMENT_READ', 15.00, '2011-08-05 21:39:42', 'Terra. Screw this winning by one cent crap, if people want Aqua they should donate for it. :3 Still love what you''re doing. ? - Rizu'),
(599915084, -1832180941, 'CHIPIN', '1312588451000seaweedsong@gmail.com', 'PENDING', 'AMOUNT_READ', 4.99, '2011-08-05 17:54:11', NULL),
(603785350, -2121559959, 'CHIPIN', '1312537256000ceruleancelebi@yahoo.com', 'PENDING', 'COMMENT_READ', 10.00, '2011-08-05 03:40:56', 'From Traysandor - Great runs guys, keep up the good work. guardian Legend is my favorite NES game of all time. hope to someday see a 100% run of this game on the SDA website! (Hint, hint!)'),
(614205017, 1381528341, 'CHIPIN', '1312605238000bjamesboaz@hotmail.com', 'PENDING', 'AMOUNT_READ', 5.00, '2011-08-05 22:33:58', NULL),
(614525235, 1234810477, 'CHIPIN', '1312527025000insanity0x0@hotmail.com', 'PENDING', 'COMMENT_READ', 5.00, '2011-08-05 00:50:25', '5$ for you guys since you are awesome. Hope to win that 3DS my b-day is in 10 days. I suffer from a form of autism spectrum called Asperger. love what u guys do'),
(620595375, 854667935, 'CHIPIN', '1312577300000nuclearrael@yahoo.com', 'PENDING', 'COMMENT_READ', 10.00, '2011-08-05 14:48:20', 'From one streamer to another keep it up, I''ve done Starcraft 2 Marathons twice now good to see you have a lot of support from friends. Also that Kirby is adorable'),
(626895882, -928409741, 'CHIPIN', '1312497737000e.m.hibbs@gmail.com', 'PENDING', 'COMMENT_READ', 5.00, '2011-08-04 16:42:17', 'Donating because of the fantastic commentary for the TAS. As a software engineer, it''s rare to hear accurate discussion of programming and system architecture during a game marathon. From a fellow nerd, kudos. And for my own clarification, you''re saying that on some games, memory would be accessed with trash data or data from previous executions?'),
(635704804, 1234810477, 'CHIPIN', '1312592822000insanity0x0@hotmail.com', 'PROCESSED', 'COMMENT_READ', 10.00, '2011-08-05 19:07:02', '10$ for the chance to win 3DS and tords toejam in toejam and earl. e-check best i can do don''t tell my parents lol'),
(642077842, -104511952, 'CHIPIN', '1312545962000eighteenspikes@gmail.com', 'PENDING', 'COMMENT_READ', 10.00, '2011-08-05 06:06:02', 'PEACHES_ here enjoying the Headdy race. Great marathon so far!'),
(644240573, -1245650066, 'CHIPIN', '1312594586000mikw_uyma@hotmail.com', 'PENDING', 'COMMENT_READ', 10.00, '2011-08-05 19:36:26', 'Romscout is a fraud. OAR told me that Disco Prince is the path towards Autism treatment.'),
(658475523, 29946521, 'CHIPIN', '1312555235000matti.seppanen@suomi24.fi', 'PROCESSED', 'COMMENT_READ', 25.00, '2011-08-05 08:40:35', '8-player race as chaotic and fun as it sounded but where''s the Red Knight plushie?'),
(659455232, -1245650066, 'CHIPIN', '1312509139000mikw_uyma@hotmail.com', 'PROCESSED', 'COMMENT_READ', 5.00, '2011-08-04 19:52:19', 'You can''t have enough of a good thing. This goes towards the metool hat and link being named after nasir, a man link can only hope to match. MUDDY WATER! P.S. Mercuryzelda we need a Turdlecano hat for Awful Games Done Quick next year.'),
(660156674, 2126483725, 'CHIPIN', '1312578407000neskamikaze@yahoo.com', 'PENDING', 'COMMENT_READ', 10.00, '2011-08-05 15:06:47', 'I''m disappointed to not be there to run this game myself, but I want a Kirby plushie. I will bring the cuteness with Yoshi''s Story in the winter!'),
(667879991, -1100795634, 'CHIPIN', '1312578263000wizphix@bredband.net', 'PROCESSED', 'COMMENT_READ', 20.00, '2011-08-05 15:04:23', '100% ALttP (I would definitely want to see you enter the Chris Houlihan Room). And I just manage to beat the final boss in Snake Rattle n Roll, so many thanks to ''feasel'' for the boss strategy! Keep up the good work guys! /Joakim ''Wizphix'' Mu00c3u00a4kipu00c3u00a4u00c3u00a4'),
(684404280, 1008030723, 'CHIPIN', '1312583810000vogt@cs.ualberta.ca', 'PENDING', 'COMMENT_READ', 10.00, '2011-08-05 16:36:50', 'Cute stuff :) --Poxnor'),
(685352996, -1848182435, 'CHIPIN', '1312517600000kingzog@gmail.com', 'PROCESSED', 'COMMENT_READ', 40.00, '2011-08-04 22:13:20', 'For Mario destroying Donkey Kong, for the cut scene glass throw....and for Rom Scout''s Punchout!'),
(685610725, 930706053, 'CHIPIN', '1312586686000fishplusfire@hotmail.com', 'PROCESSED', 'COMMENT_READ', 15.00, '2011-08-05 17:24:46', 'EPSY for Zelda: ALTTP filename.'),
(691904169, -928409741, 'CHIPIN', '1312489521000e.m.hibbs@gmail.com', 'PENDING', 'COMMENT_READ', 10.00, '2011-08-04 14:25:21', 'Rom, do you hear that? It''s weird, I can hear... sounds like saxaphone. Odd, now there''s a voice: "Just like the wind, I''ve always been..." Sounds foreboding.'),
(693136163, 1576464611, 'CHIPIN', '1312516318000puwexil@hotmail.com', 'PENDING', 'COMMENT_READ', 10.00, '2011-08-04 21:51:58', 'Can''t come all the way to Utah without seeing Aftermath dance with his bro Gergoth. Yoko/Alucard (with special guest Julius) mode please!'),
(700012812, -325284243, 'CHIPIN', '1312482707000vtl@shalak.net', 'PENDING', 'COMMENT_READ', 8.00, '2011-08-04 12:31:47', 'This is Idkbutlike2. Good luck with the marathon everyone!'),
(706823584, -1903262445, 'CHIPIN', '1312577391000cgibson1976@comcast.net', 'PENDING', 'COMMENT_READ', 10.00, '2011-08-05 14:49:51', 'I simply must possess that Sword Kirby plush.'),
(713875491, -1627543688, 'CHIPIN', '1312570450000jaredminnihan24@yahoo.com', 'PROCESSED', 'COMMENT_READ', 10.00, '2011-08-05 12:54:10', 'This is towards seeing Kingdom Hearts II later, and of course for the Organization for Autism research as well. Keep up the great work!'),
(719163033, 566224034, 'CHIPIN', '1312578764000andrewleger98@yahoo.com', 'PENDING', 'COMMENT_READ', 10.00, '2011-08-05 15:12:44', 'Shout out to my best friend Kubelwagon, doing an awesome job so far bro! Loving the marathon so far, keep up the awesome job! -Dekar930'),
(722808004, -2059516137, 'CHIPIN', '1312482492000got2play9@gmail.com', 'PENDING', 'COMMENT_READ', 50.00, '2011-08-04 12:28:12', 'Way to go guys and keep it up also VVVVVV Deathless Please!!!'),
(722922544, 631535541, 'CHIPIN', '1312577506000wynti@hotmail.com', 'PENDING', 'COMMENT_READ', 15.00, '2011-08-05 14:51:46', '[Insert funny comment about Kirby here]'),
(733585183, 2121572618, 'CHIPIN', '1312506457000kfoster9480@yahoo.com', 'PENDING', 'COMMENT_READ', 10.07, '2011-08-04 19:07:37', 'And I said I wasn''t gonna donate. Well, I showed me! Anyhow, DUCKFIST! Keep up the good work! Also this money goes towards watermelons.'),
(741805286, -2065793666, 'CHIPIN', '1312610248000storm99999@gmail.com', 'PENDING', 'AMOUNT_READ', 5.00, '2011-08-05 23:57:28', NULL),
(744673202, 1008030723, 'CHIPIN', '1312513278000vogt@cs.ualberta.ca', 'PENDING', 'COMMENT_READ', 5.00, '2011-08-04 21:01:18', 'In for $5 and crossing my fingers for a cool perler to give to Stefanie (she''s a huge DK fan) :) --Poxnor'),
(756068203, 1623175373, 'CHIPIN', '1312525188000kaltf4@gmail.com', 'PROCESSED', 'COMMENT_READ', 10.00, '2011-08-05 00:19:48', 'Donation made on behalf of Epsy, for Zelda: A Link to the Past.'),
(762378333, 812300436, 'CHIPIN', '1312593693000coolmatt@sorrowind.net', 'PENDING', 'COMMENT_READ', 19.00, '2011-08-05 19:21:33', 'This is for Mirror''s Edge NO WEAPONS.'),
(764016690, -330028266, 'CHIPIN', '1312587142000eva20453@mejl.se', 'PENDING', 'COMMENT_READ', 5.67, '2011-08-05 17:32:22', 'lets see some beasting gombilL!!! /DJS or lambdan or whatever (ps my moms paypal heheeh)'),
(765371276, 1993407651, 'CHIPIN', '1312566338000toothache42@gmail.com', 'PENDING', 'COMMENT_READ', 10.00, '2011-08-05 11:45:38', 'Toothache here! The language madness must continue - so now you must speak the next cutscene in Klingon! K''plah!'),
(783617054, -739590878, 'CHIPIN', '1312495832000kerbe33@yahoo.com', 'PENDING', 'COMMENT_READ', 80.00, '2011-08-04 16:10:32', 'I''m going to miss the MM9 run but here''s 80 bucks to do it with only the buster. Third donation FTW!'),
(786964710, 1106196731, 'CHIPIN', '1312554339000ferus37@live.com', 'PENDING', 'COMMENT_READ', 37.00, '2011-08-05 08:25:39', 'Had to donate for the pure pandemonium that is 2x4-player Castle Crashers. Awesome!'),
(788172939, -867172325, 'CHIPIN', '1312494336000b.l.cook@aggiemail.usu.edu', 'PROCESSED', 'COMMENT_READ', 10.00, '2011-08-04 15:45:36', 'This is Brossentia. I''m 20 feet away and watching you on another TV. =P This $10 goes to Kingdom Hearts 2. I wanna see Piewexil play!!'),
(793936391, 812300436, 'CHIPIN', '1312504938000coolmatt@sorrowind.net', 'PENDING', 'COMMENT_READ', 1.00, '2011-08-04 18:42:18', 'DarkKobold: Submission cancelled, run suboptimal. Try avoiding lag frames next time. (TAS JOKE, GET IT? IT''S FUNNY BECAUSE...)'),
(805198814, -63817549, 'CHIPIN', '1312589509000ritterad@yahoo.com', 'PROCESSED', 'COMMENT_READ', 20.00, '2011-08-05 18:11:49', 'Adding to the tally for Disco Prince, one of only a few songs i actually like from that game.'),
(806614837, 604955471, 'CHIPIN', '1312554464000swinginfiend@hotmail.com', 'PROCESSED', 'COMMENT_READ', 5.00, '2011-08-05 08:27:44', 'My donation is for all of the runners to do the clown dance at the end of the game!'),
(807895068, 1071535880, 'CHIPIN', '1312591552000imagesfromapoet@gmail.com', 'PROCESSED', 'COMMENT_READ', 4.80, '2011-08-05 18:45:52', 'this is the rest of the money in my paypal. I want to put it toward Lonely Rolling Star (I think it''s in this game) but if not, Everlasting Love is good! gg arrow, I love this game, thanks everyone'),
(818345245, 1929727798, 'CHIPIN', '1312551634000integersas@gmail.com', 'PENDING', 'COMMENT_READ', 2.00, '2011-08-05 07:40:34', 'Epsy for Zelda: ALTTP'),
(827839331, -1462526227, 'CHIPIN', '1312589620000jcblankers@gmail.com', 'PROCESSED', 'COMMENT_READ', 10.00, '2011-08-05 18:13:40', '10 more for Disco Prince! (I''d pick Que Sera Sera but I don''t remember if that song is only in the first game or not. :x )'),
(828578410, 1311505427, 'CHIPIN', '1312480848000rrtycoon2@yahoo.com', 'PENDING', 'AMOUNT_READ', 10.00, '2011-08-04 12:00:48', NULL),
(828631996, -1430847285, 'CHIPIN', '1312577834000aalvarez0909@gmail.com', 'PROCESSED', 'COMMENT_READ', 10.00, '2011-08-05 14:57:14', 'Hey guys, putting in 10 for a chance at that sword Kirby as well as to help KH2 come from behind. Races FTW.'),
(831816039, -1524083224, 'CHIPIN', '1312612757000flare.k.n.ight.1.2.3.3@gmail.com', 'PENDING', 'COMMENT_READ', 6.29, '2011-08-06 00:39:17', '$5 for the Mr. T Perler, the rest to KH2'),
(835530651, -1372663874, 'CHIPIN', '1312607952000kohlenkov@hotmail.com', 'PENDING', 'COMMENT_READ', 15.00, '2011-08-05 23:19:12', 'nitrodon is my hero and i love this run! he''s gonna go beast mode in hell, can''t wait.'),
(836253025, 814697995, 'CHIPIN', '1312584797000dal.tone@hotmail.com', 'PROCESSED', 'COMMENT_READ', 15.00, '2011-08-05 16:53:17', 'Good to see more marathons, 15$ for LTTP name Dink. Keep up the madness.'),
(837965313, -387240342, 'CHIPIN', '1312486475000fordr@hotmail.co.uk', 'PENDING', 'AMOUNT_READ', 5.00, '2011-08-04 13:34:35', NULL),
(841429110, -1120199085, 'CHIPIN', '1312601552000mpruvost@msn.com', 'PENDING', 'COMMENT_READ', 5.00, '2011-08-05 21:32:32', 'He didn''t die o/'),
(841459561, -1002063783, 'CHIPIN', '1312493683000stemogstel42@gmail.com', 'PENDING', 'AMOUNT_READ', 20.00, '2011-08-04 15:34:43', NULL),
(842973238, -172651292, 'CHIPIN', '1312493994000kimearntsen@gmail.com', 'PENDING', 'AMOUNT_READ', 15.00, '2011-08-04 15:39:54', NULL),
(861102246, 2037458682, 'CHIPIN', '1312577308000romscout@gmail.com', 'PROCESSED', 'COMMENT_READ', 20.00, '2011-08-05 14:48:28', 'Hi Adam! I''m right next to you but am too lazy to talk. I want one of those Kirby plushies so bad! Also, KH2 for the epic comeback!!!!'),
(870107572, 953328597, 'CHIPIN', '1312592684000sacredskullkid@gmail.com', 'PROCESSED', 'COMMENT_READ', 13.00, '2011-08-05 19:04:44', '(mecha richter) Put this towards Disco Prince!'),
(871621596, -846682190, 'CHIPIN', '1312570091000linkinito@sfr.fr', 'PENDING', 'COMMENT_READ', 40.00, '2011-08-05 12:48:11', 'Hey! Thanks for the Rayman 2 run in multiple languages. Was awesome! This donation is to have the ENDING cutscene in FRENCH! It started in French, it''s gonna end in French! :D'),
(871672229, 905827625, 'CHIPIN', '1312590194000darkserge0@gmail.com', 'PENDING', 'COMMENT_READ', 10.00, '2011-08-05 18:23:14', 'Keep up the good work guys'),
(885946392, -996608574, 'CHIPIN', '1312518797000rjt210@lehigh.edu', 'PROCESSED', 'COMMENT_READ', 5.00, '2011-08-04 22:33:17', '$5 for Castlevania Punch-Out!! Watermelucard is amazing. Watermelonbat is even better.'),
(892341875, -682245900, 'CHIPIN', '1312503565000kingedgar0@gmail.com', 'PROCESSED', 'COMMENT_READ', 10.00, '2011-08-04 18:19:25', 'Bummed that I had to work and miss StarTropics, but there are still plenty of good runs to come. Thanks for putting together this great event! (please put this toward VVVVVV trinkets)'),
(923261582, -996608574, 'CHIPIN', '1312490341000rjt210@lehigh.edu', 'PENDING', 'COMMENT_READ', 5.00, '2011-08-04 14:39:01', 'Pie in the face!'),
(925275256, 1169150792, 'CHIPIN', '1312595003000collectorsadditionstoronto@gmail.com', 'PENDING', 'COMMENT_READ', 5.00, '2011-08-05 19:43:23', 'Here''s for getting to 10K!'),
(934069829, -2020483383, 'CHIPIN', '1312560120000xinoea@gmail.com', 'PROCESSED', 'COMMENT_READ', 160.00, '2011-08-05 10:02:00', 'The coin gods decreed that this money be donated.'),
(941875801, -1245650066, 'CHIPIN', '1312578710000mikw_uyma@hotmail.com', 'PROCESSED', 'COMMENT_READ', 10.00, '2011-08-05 15:11:50', 'This is another 10 dollars for Nasir as the Minish Cap file name, a feeble tribute to the greatest hero who ever lived. Also Moishe is a stupid name. I should know, my mom''s last name is Tenenbaum. :D'),
(965135633, -1848182435, 'CHIPIN', '1312590526000kingzog@gmail.com', 'PROCESSED', 'COMMENT_READ', 20.00, '2011-08-05 18:28:46', 'I always love the comedy that is "SDA plays Mario 64". (Has the Zelda ALLTP 100% been reached yet? if not, put this towards it)'),
(966530246, 1381528341, 'CHIPIN', '1312587745000bjamesboaz@hotmail.com', 'PENDING', 'AMOUNT_READ', 10.00, '2011-08-05 17:42:25', NULL),
(968330605, 1773948320, 'CHIPIN', '1312595031000mantis@nb.sympatico.ca', 'PENDING', 'COMMENT_READ', 10.00, '2011-08-05 19:43:51', 'yay for 10k, the 10$ goes towards link to the past 100% run, family name is pronounced well-et (as in get)'),
(985453514, -919920236, 'CHIPIN', '1312498853000ortwin@gmail.com', 'PROCESSED', 'COMMENT_READ', 10.00, '2011-08-04 17:00:53', 'Donating for VVVVVV Trinkets. Love what you guys are doing, keep up the great work! Also, the nesbot is just awesome. I didn''t expect that to be possible.'),
(994246541, -138074251, 'CHIPIN', '1312502220000creamola@yahoo.com', 'PENDING', 'COMMENT_READ', 5.00, '2011-08-04 17:57:00', 'In for the Me in the tool.'),
(996587118, 1169150792, 'CHIPIN', '1312521227000collectorsadditionstoronto@gmail.com', 'PROCESSED', 'COMMENT_READ', 200.00, '2011-08-04 23:13:47', '(aka theenglishman) $175 of this is going towards naming Link "Moishe" for Link to the Past, and the other $25 is for being awesome and hosting YET ANOTHER awesometastic marathon.'),
(1000079167, 812300436, 'CHIPIN', '1312580451000coolmatt@sorrowind.net', 'PENDING', 'COMMENT_READ', 5.00, '2011-08-05 15:40:51', 'You can''t ... tie... me down with a $5 limit for puns!'),
(1003211634, -1584726242, 'CHIPIN', '1312562297000cyberbotx@cyberbotx.com', 'PENDING', 'COMMENT_READ', 20.00, '2011-08-05 10:38:17', 'I''m at work but watching, so this is to go towards the extra games in Kirby Super Star. If I can pick, put it towards The Arena.'),
(1020001661, 311611959, 'CHIPIN', '1312578174000brett824@gmail.com', 'PROCESSED', 'COMMENT_READ', 10.00, '2011-08-05 15:02:54', 'KH2!'),
(1022374876, -1809048273, 'CHIPIN', '1312587758000yeknom_yknuf@hotmail.com', 'PROCESSED', 'COMMENT_READ', 10.00, '2011-08-05 17:42:38', 'Hey all, mocliamtoh/unpronounceable here. Shoutout to Zyre, sorry for missing all your runs, but work came first :(. I love these marathons, and wish everyone the best. This donation is for Zyre(or if he doesn''t care, anyone else in the room) to name Link whatever he wants.'),
(1025921541, -574602980, 'CHIPIN', '1312591225000karterfreak@hotmail.com', 'PENDING', 'COMMENT_READ', 10.00, '2011-08-05 18:40:25', 'Keep up the great stuff guys. Donation is for the 100% Race of Super Metroid thats scheduled for tomorrow.'),
(1035134916, -1584726242, 'CHIPIN', '1312572154000cyberbotx@cyberbotx.com', 'PROCESSED', 'COMMENT_READ', 20.00, '2011-08-05 13:22:34', 'Gonna make this my final donation-from-work before I head home for the weekend, add $20 more to Puns for The Minish Cap, and I really want to win a Kirby prize. :D'),
(1039618149, -1257390141, 'CHIPIN', '1312607296000ornatedragon@gmail.com', 'PENDING', 'COMMENT_READ', 5.00, '2011-08-05 23:08:16', 'One of my favorite games. Everyone should play it!'),
(1041440502, 153681796, 'CHIPIN', '1312489939000mwnovick@gmail.com', 'PENDING', 'COMMENT_READ', 10.00, '2011-08-04 14:32:19', 'This $10 is for Donkey Kong ''94.'),
(1042840241, 912573739, 'CHIPIN', '1312609756000warlordmcbride05@yahoo.com', 'PENDING', 'COMMENT_READ', 20.00, '2011-08-05 23:49:16', 'No hits! ^_^ Gratz on Cave Story and cant wait to see L4D2. I always love when SDA does another marathon, and this is my 1st donation soo HUZZAH! And need more JMan puns. =P'),
(1045394921, -147525837, 'CHIPIN', '1312564143000travis.deshotels@gmail.com', 'PENDING', 'COMMENT_READ', 10.00, '2011-08-05 11:09:03', 'please switch to English (British accent) :)'),
(1052460474, -1780749854, 'CHIPIN', '1312552395000gdataonline@gmail.com', 'PENDING', 'COMMENT_READ', 10.00, '2011-08-05 07:53:15', 'Supporting autism research and hoping to win cool swag!'),
(1056482316, -1257390141, 'CHIPIN', '1312604855000ornatedragon@gmail.com', 'PENDING', 'COMMENT_READ', 5.00, '2011-08-05 22:27:35', 'Veni-Vidi-VUCK THIS. (????)?????'),
(1060968721, 1366178997, 'CHIPIN', '1312528606000iqunlimited@yahoo.com', 'PENDING', 'COMMENT_READ', 5.00, '2011-08-05 01:16:46', 'Thanks for what you''re doing, my best friend suffers from a form of autism called aspergers, and he''s really had a hard time with it through his life, thanks so much you''re awesome. ^_^'),
(1066364062, -443232930, 'CHIPIN', '1312586587000geminias@live.de', 'PENDING', 'COMMENT_READ', 10.00, '2011-08-05 17:23:07', 'THAT PLUSHIE WILL ME MINE! MINE ALONE! - Also, great job guys, keep on playing.'),
(1080086854, 395763787, 'CHIPIN', '1312494764000n_ranta@hotmail.com', 'PENDING', 'COMMENT_READ', 5.00, '2011-08-04 15:52:44', 'The marathon is about to get 20% cooler as MG starts...'),
(1101779898, 1001324460, 'CHIPIN', '1312586333000andrew.shute719@students.camdencc.edu', 'PENDING', 'COMMENT_READ', 10.00, '2011-08-05 17:18:53', 'You guys are amazing! Keep up the awesome work! -AND4H'),
(1109879242, -1278524103, 'CHIPIN', '1312577431000carroll.david.s@gmail.com', 'PROCESSED', 'COMMENT_READ', 10.00, '2011-08-05 14:50:31', 'It''s great to see a video game hero that doesn''t suck! This speed run has been unraveling quite nicely, and I yarn to see more! Kubelwagon is quite the crafty player, and his interfacing with the game is giving me a stitch in my side. I know you wool not dye, sew keep cutting those times and I''ll swatch for your Epic finish!'),
(1119060230, -1593710989, 'CHIPIN', '1312553784000dantescry@op.pl', 'PENDING', 'COMMENT_READ', 5.00, '2011-08-05 08:16:24', 'Heya lads and gals, I''ll spare you the torment of saying my name so call me Ziggy. Great job making another marathon to help a good cause. Also a big thank you to MegaUltraPunMan for his streams that keep me entertained for long hours. Kepp up the good work, all of you from SDA crew. And as per usual, you get Ziggys seal of approval.'),
(1121639825, 684279556, 'CHIPIN', '1312488206000the.super.snes@gmail.com', 'PENDING', 'COMMENT_READ', 20.00, '2011-08-04 14:03:26', 'For Piewexil! 3 you all!'),
(1123429206, 444373805, 'CHIPIN', '1312613884000dlm39@case.edu', 'PENDING', 'AMOUNT_READ', 5.00, '2011-08-06 00:58:04', NULL),
(1125126774, 1860079105, 'CHIPIN', '1312569249000boyn64@aol.com', 'PENDING', 'COMMENT_READ', 10.00, '2011-08-05 12:34:09', 'Do some Yoda accent action please.'),
(1133259037, 211791636, 'CHIPIN', '1312506256000thelocal15@hotmail.com', 'PENDING', 'COMMENT_READ', 10.00, '2011-08-04 19:04:16', 'Hey guys its been too long between marathons keep up the good work you guys are awesome. Much love from australia'),
(1152168864, 319383853, 'CHIPIN', '1312574385000serge8705@aol.com', 'PENDING', 'COMMENT_READ', 40.00, '2011-08-05 13:59:45', 'Hey SDA, I love watching speed runs and a marathon of them is even better. Thought I''d pitch in with a donation. Keep up the good work guys!'),
(1163783886, -378144245, 'CHIPIN', '1312507218000benstenger@hotmail.com', 'PENDING', 'COMMENT_READ', 20.00, '2011-08-04 19:20:18', 'Great job as always! Have fun and enjoy the pizza!'),
(1171601637, 812300436, 'CHIPIN', '1312587797000coolmatt@sorrowind.net', 'PENDING', 'COMMENT_READ', 5.00, '2011-08-05 17:43:17', 'Motto of this SM64 run: "Lightspeed too slow? - Yes, we must go to... LUDICROUS SPEED!"'),
(1178340204, -1903262445, 'CHIPIN', '1312481696000cgibson1976@comcast.net', 'PROCESSED', 'COMMENT_READ', 100.00, '2011-08-04 12:14:56', 'Donation for run of Metal Gear - No handgun.'),
(1188358860, 155023733, 'CHIPIN', '1312589143000sjlee.712@gmail.com', 'PROCESSED', 'COMMENT_READ', 15.00, '2011-08-05 18:05:43', 'Always inspiring to see stuff like this. Keep up the awesomeness! ps I''d like to put this donation towards the weaponless mirror''s edge run.'),
(1192180923, -2020483383, 'CHIPIN', '1312484570000xinoea@gmail.com', 'PENDING', 'COMMENT_READ', 43.50, '2011-08-04 13:02:50', 'Nice run UA. Had to get up at early here in Australia (re: 4am), but it''s been well worth it so far. Looking forward to the rest of the marathon and seeing that goal being smashed.'),
(1197498909, 1480610713, 'CHIPIN', '1312496458000smelenchuk@gmail.com', 'PENDING', 'COMMENT_READ', 10.00, '2011-08-04 16:20:58', 'Since SotN is getting no love, how about a pink cloak / purple liner?'),
(1197583690, -760850316, 'CHIPIN', '1312572803000a.starinski@googlemail.com', 'PENDING', 'COMMENT_READ', 10.00, '2011-08-05 13:33:23', 'hey would be awesome if you could read this out loud and make sure it IS loud so everybody hears this: i want to greet the users of the german board ecstatic7 and especially ROMAN ADLER'),
(1197692837, 363469555, 'CHIPIN', '1312577584000xeroma_the_master@yahoo.com', 'PENDING', 'COMMENT_READ', 30.00, '2011-08-05 14:53:04', 'As someone who suffers from Asperger''s himself, I deeply appreciate what you guys are doing. Also I really want those Kirby plushies!!!'),
(1200948423, 931144052, 'CHIPIN', '1312508680000ross.friedberg@gmail.com', 'PENDING', 'COMMENT_READ', 10.00, '2011-08-04 19:44:40', 'Love watching you guys. Awesome job!'),
(1203604922, 891344104, 'CHIPIN', '1312481431000unfies@gmail.com', 'PROCESSED', 'COMMENT_READ', 5.00, '2011-08-04 12:10:31', 'Unfy says: c''mon UA! 41:1x !!!'),
(1219844681, -1777662974, 'CHIPIN', '1312511205000mshipstertrash@gmail.com', 'PENDING', 'COMMENT_READ', 2.00, '2011-08-04 20:26:45', 'mario vs dk oh yes this is Large_dildo gonna donate more tomorrow'),
(1238412868, -396180415, 'CHIPIN', '1312610228000damienmoody26@gmail.com', 'PENDING', 'COMMENT_READ', 10.00, '2011-08-05 23:57:08', 'You said you haven''t had any recent donations, so here ya go. HUZZAH!'),
(1241390729, 930706053, 'CHIPIN', '1312585381000fishplusfire@hotmail.com', 'PROCESSED', 'COMMENT_READ', 15.00, '2011-08-05 17:03:01', 'EPSY for Zelda: ALTTP file name.'),
(1247864244, -919920236, 'CHIPIN', '1312574974000ortwin@gmail.com', 'PROCESSED', 'COMMENT_READ', 10.00, '2011-08-05 14:09:34', 'Not sure I can make my donation count towards that but I''d love to see Mirror''s Edge played without shooting.'),
(1251706794, 2009909777, 'CHIPIN', '1312507594000jman2050@gmail.com', 'PENDING', 'COMMENT_READ', 5.00, '2011-08-04 19:26:34', 'Speaking as someone with Asperger Syndrome, I can appreciate the poetry of a bunch of borderline obsessive individuals with common interests coming together and performing for the benefit of figuring out what makes us tick. Your efforts definitely deserve recognition.'),
(1254619685, 1290804767, 'CHIPIN', '1312606015000jj@cerebraltech.com', 'PENDING', 'COMMENT_READ', 25.00, '2011-08-05 22:46:55', 'For showcasing MOO2, one of my top 2 games of all time (though that''s for multiplayer). Also, more for KH1. - dopefish'),
(1272030986, 2028314509, 'CHIPIN', '1312561328000cmd.vimes@gmail.com', 'PENDING', 'COMMENT_READ', 4.61, '2011-08-05 10:22:08', 'EPSY for Filename for Zelda: ALTTP'),
(1272456510, 149458376, 'CHIPIN', '1312545583000john@lapinskas.co.uk', 'PENDING', 'COMMENT_READ', 5.00, '2011-08-05 05:59:43', 'I wanted to donate, I didn''t want to stop watching the race - the plushie was the deciding factor!'),
(1272479992, -1627543688, 'CHIPIN', '1312594548000jaredminnihan24@yahoo.com', 'PENDING', 'COMMENT_READ', 5.00, '2011-08-05 19:35:48', 'Since "everlasting love" apparently just can''t compete, please transfer my earlier $30 donation to "disco prince," in addition to this one.'),
(1281494924, 812300436, 'CHIPIN', '1312501403000coolmatt@sorrowind.net', 'PENDING', 'COMMENT_READ', 1.00, '2011-08-04 17:43:23', 'The NESbot was smarter than UltraJMan. It knew not to fight Burger King.'),
(1284934322, -1274852476, 'CHIPIN', '1312498928000lkozberg@mac.com', 'PROCESSED', 'COMMENT_READ', 10.00, '2011-08-04 17:02:08', 'The stream is awesome, Thank you for doing it, and I vote to name link, mr saturn in minish cap'),
(1286552916, -2109070751, 'CHIPIN', '1312518895000shadoww3@hotmail.com', 'PENDING', 'AMOUNT_READ', 5.00, '2011-08-04 22:34:55', NULL),
(1287080013, -1026794589, 'CHIPIN', '1312483350000pygmee_thomas@hotmail.com', 'PENDING', 'COMMENT_READ', 50.00, '2011-08-04 12:42:30', 'You guys rule! Got me hooked with games like Zelda and metroid! Keep up the good work! -Hira'),
(1287233230, 897006664, 'CHIPIN', '1312607070000rundrown@hotmail.com', 'PENDING', 'COMMENT_READ', 5.00, '2011-08-05 23:04:30', 'This chip in is going towards the Cave Story pearlers! Really looking forward to the speedrun of this GREAT game! GL'),
(1290253359, 753773150, 'CHIPIN', '1312605222000mossturtle@gmail.com', 'PENDING', 'AMOUNT_READ', 10.00, '2011-08-05 22:33:42', NULL),
(1312832825, 643739015, 'CHIPIN', '1312572256000ovsinortu@hotmail.com', 'PENDING', 'COMMENT_READ', 50.00, '2011-08-05 13:24:16', 'Fantastic games for a fantastic cause, keep up the good work guys. Mangledpixel.'),
(1313747858, -237300555, 'CHIPIN', '1312585761000greatlostnovel@gmail.com', 'PENDING', 'COMMENT_READ', 30.00, '2011-08-05 17:09:21', 'Since this is for Autism research: I love you, Kickpuncher!'),
(1321652254, -682245900, 'CHIPIN', '1312607326000kingedgar0@gmail.com', 'PENDING', 'COMMENT_READ', 5.00, '2011-08-05 23:08:46', 'Watching Nitrodon play this is always a treat. Keep up the great work everyone!'),
(1324170510, -1245650066, 'CHIPIN', '1312493609000mikw_uyma@hotmail.com', 'PENDING', 'COMMENT_READ', 10.00, '2011-08-04 15:33:29', 'Hey I had to give something for Feasel''s kickass performance of Snake Rattle ''n Roll. Also, I want to see an actual game, so put this down for Julius mode.'),
(1325860748, -1903262445, 'CHIPIN', '1312490615000cgibson1976@comcast.net', 'PENDING', 'COMMENT_READ', 100.00, '2011-08-04 14:43:35', 'Piewexil will TASTE sweet defeat! Pie - Piewexil face = win.'),
(1332050140, -1584726242, 'CHIPIN', '1312587154000cyberbotx@cyberbotx.com', 'PROCESSED', 'COMMENT_READ', 10.00, '2011-08-05 17:32:34', '$10 more for Puns for ALttP, and wanting to try for the Wing Cap hat.'),
(1337988844, -1636758872, 'CHIPIN', '1312507495000a08fresv@his.student.se', 'PROCESSED', 'COMMENT_READ', 1.00, '2011-08-04 19:24:55', 'May Rygert be with you, always! And yeah, Put Rygert as aname for Link to the past, peace, from sku00c3u00b6vde, Sweden!'),
(1342769386, 1273937143, 'CHIPIN', '1312615586000aphox@hotmail.de', 'PENDING', 'COMMENT_READ', 5.00, '2011-08-06 01:26:26', 'Nice job so far, wish luck to all the runners comming up!'),
(1345834024, 149458376, 'CHIPIN', '1312547619000john@lapinskas.co.uk', 'PENDING', 'COMMENT_READ', 5.00, '2011-08-05 06:33:39', 'Congrats to Zyre for the deathless run!'),
(1346476400, 1770507651, 'CHIPIN', '1312577564000sebastian-rugby@bredband.net', 'PENDING', 'AMOUNT_READ', 5.00, '2011-08-05 14:52:44', NULL),
(1351905073, -1245650066, 'CHIPIN', '1312545157000mikw_uyma@hotmail.com', 'PENDING', 'COMMENT_READ', 5.00, '2011-08-05 05:52:37', 'TROUBLE BRUIN!!'),
(1357098987, 1730848447, 'CHIPIN', '1312591203000emailskratman@yahoo.com', 'PENDING', 'COMMENT_READ', 5.00, '2011-08-05 18:40:03', 'Oops! I meant to put in $10!! Look for a second donation from me in a couple minutes!!'),
(1367177362, 1232617956, 'CHIPIN', '1312485248000cyghfer@gmail.com', 'PENDING', 'COMMENT_READ', 5.00, '2011-08-04 13:14:08', 'feasel is the man 8) zone j is like my favorite game song of all time. also hi west coasters!'),
(1369323856, -447476843, 'CHIPIN', '1312593731000reaper3978@msn.com', 'PROCESSED', 'COMMENT_READ', 120.00, '2011-08-05 19:22:11', 'Hey guys, This donations put in for Terra in BBS, the most hated it seems and my favorite character within the game.'),
(1374129425, 812300436, 'CHIPIN', '1312497956000coolmatt@sorrowind.net', 'PENDING', 'COMMENT_READ', 1.00, '2011-08-04 16:45:56', 'Someone upgrade the NESbot to a pizza box!'),
(1376342370, 2064239905, 'CHIPIN', '1312596979000rhydiarob@live.com', 'PENDING', 'COMMENT_READ', 20.00, '2011-08-05 20:16:19', 'I''ve only been able to watch your previous Marathons via downloads so I was never able to help out, but I''m glad now I can, considering the cause! My 10-yr old daughter has Autism, It''s the type with the hyper sensitivity to her senses and it rough going sometimes. Glad to see the marathons still running for great causes, keep up the great entertainment!'),
(1386122032, -1995266717, 'CHIPIN', '1312595979000jrberg@gmail.com', 'PENDING', 'COMMENT_READ', 50.00, '2011-08-05 19:59:39', 'Nice Run w/Katamari. $50 is towards Aqua for KH:BBS. Keep up the good work!'),
(1399045053, -1645035215, 'CHIPIN', '1312505547000jccline@hotmail.com', 'PENDING', 'COMMENT_READ', 35.00, '2011-08-04 18:52:27', 'Shoutouts to Drew, James, and Duck. You''re all dabes for doing this. -Surreal'),
(1408238062, 71835107, 'CHIPIN', '1312508825000flaminfingers140@hotmail.com', 'PENDING', 'COMMENT_READ', 15.00, '2011-08-04 19:47:05', 'Awesome job on the speed runs so far so far, everyone! Can''t wait to see the rest of these great games done quick. Hope we can make a big contribution for autism research! Keep on truckin guys! -Destroyer9283'),
(1409973831, -1756927730, 'CHIPIN', '1312584937000kylethomson@gmail.com', 'PENDING', 'COMMENT_READ', 5.00, '2011-08-05 16:55:37', 'Go Kirby!'),
(1422929645, 993225161, 'CHIPIN', '1312511133000bj_waters@hotmail.com', 'PENDING', 'COMMENT_READ', 10.00, '2011-08-04 20:25:33', 'DONKEY KONG ''94!!!!'),
(1430996055, -1358643806, 'CHIPIN', '1312537635000celdia@gmail.com', 'PENDING', 'COMMENT_READ', 5.00, '2011-08-05 03:47:15', 'Comment from: Celdia You guys are doing great things here! Everyone over at ffhacktics.com is totally behind you! Keep gaming!'),
(1436432969, 1860079105, 'CHIPIN', '1312579248000boyn64@aol.com', 'PENDING', 'COMMENT_READ', 10.00, '2011-08-05 15:20:48', 'This Kirby game is so good, you''ll be yarning for more.'),
(1438097511, 1008030723, 'CHIPIN', '1312499900000vogt@cs.ualberta.ca', 'PENDING', 'COMMENT_READ', 5.00, '2011-08-04 17:18:20', 'Holy zip! (--Poxnor)'),
(1438561570, -682245900, 'CHIPIN', '1312593122000kingedgar0@gmail.com', 'PROCESSED', 'COMMENT_READ', 8.00, '2011-08-05 19:12:02', 'Please put this toward Disco Prince to save Arrow.'),
(1439757820, -718975060, 'CHIPIN', '1312520974000sicilianm12345@aol.com', 'PENDING', 'AMOUNT_READ', 5.00, '2011-08-04 23:09:34', NULL),
(1441638010, 881209579, 'CHIPIN', '1312579903000westerjepser@hotmail.com', 'PROCESSED', 'COMMENT_READ', 20.00, '2011-08-05 15:31:43', 'Twenty bucks for the KH2 race! Also, I (and by extension you) just lost The Game. Sorry. :( Good luck with the rest of the marathon!'),
(1442751351, 1225610804, 'CHIPIN', '1312494720000shawn.naka@gmail.com', 'PENDING', 'COMMENT_READ', 10.00, '2011-08-04 15:52:00', 'Hey everyone, Obdajr here. good luck on your runs, you guys are awesome! 10 bucks for buster only: destroy that game Duckfist!'),
(1455106867, 1004290714, 'CHIPIN', '1312569019000kennyroos@juno.com', 'PROCESSED', 'COMMENT_READ', 100.00, '2011-08-05 12:30:19', 'Hey this $100 was for Kingdom Hearts 1'),
(1491027276, 48201693, 'CHIPIN', '1312556144000ogredanhibiki@gmail.com', 'PROCESSED', 'COMMENT_READ', 20.00, '2011-08-05 08:55:44', 'This goes towards Team Right to close their eyes during the Spaceship level for 5 minutes.'),
(1491922287, 1094908735, 'CHIPIN', '1312562217000emily.lizzi@yahoo.com', 'PENDING', 'COMMENT_READ', 10.00, '2011-08-05 10:36:57', 'Spring Breeze, please :)'),
(1498933834, -1641203215, 'CHIPIN', '1312579958000danieleriksson@tomaseriksson.com', 'PENDING', 'COMMENT_READ', 10.00, '2011-08-05 15:32:38', 'Looking forward to see the Quake2 run. Hoping for some awesome strafejumps and shortcuts. Btw. Feasels run of Snake Rattle n Roll was totally awesome! Keep playing, what you are doing is great! Cheers from Sweden, Daniel'),
(1504206823, 279877921, 'CHIPIN', '1312594387000spkelly@alumni.cmu.edu', 'PENDING', 'COMMENT_READ', 100.00, '2011-08-05 19:33:07', 'Kuru Kuru Rock, because I know there are another $70 of people out there who want to chip in for Disco'),
(1509446444, 1094908735, 'CHIPIN', '1312517251000emily.lizzi@yahoo.com', 'PENDING', 'COMMENT_READ', 20.00, '2011-08-04 22:07:31', 'For that amazing cutscene starring romcula and puwexrichter!'),
(1539373320, 1860079105, 'CHIPIN', '1312594614000boyn64@aol.com', 'PENDING', 'COMMENT_READ', 5.00, '2011-08-05 19:36:54', 'I haven''t decided yet, but wanted to ask if I could. Could I choose to move the #100 I originally gave for Terra over to Aqua?'),
(1540391267, -1245650066, 'CHIPIN', '1312601557000mikw_uyma@hotmail.com', 'PENDING', 'COMMENT_READ', 5.00, '2011-08-05 21:32:37', 'BRONATE... ...err, I mean DONATE. For that amazing not-dying.'),
(1551302708, 812300436, 'CHIPIN', '1312518509000coolmatt@sorrowind.net', 'PROCESSED', 'COMMENT_READ', 5.00, '2011-08-04 22:28:29', 'This is for Rom Punchout! Also, show everyone this, it''s for Romscout: http://dl.dropbox.com/u/41063/sda/rompunchout.png (If you can''t click URL let me know in chat)'),
(1558814483, 276995739, 'CHIPIN', '1312586360000pednar@gmail.com', 'PENDING', 'COMMENT_READ', 5.00, '2011-08-05 17:19:20', 'Really want that Kirby plushie!'),
(1562020441, 604521267, 'CHIPIN', '1312590544000nobodys42@hotmail.com', 'PENDING', 'AMOUNT_READ', 25.00, '2011-08-05 18:29:04', NULL),
(1564129844, -1223091447, 'CHIPIN', '1312577600000ssancha@me.com', 'PENDING', 'COMMENT_READ', 5.00, '2011-08-05 14:53:20', 'If my donations win me anything, I want that little girl with the red shirt to have them. That should also save you the shipping costs. P.S: Friendship is magic.'),
(1564536508, 812300436, 'CHIPIN', '1312598406000coolmatt@sorrowind.net', 'PENDING', 'COMMENT_READ', 5.00, '2011-08-05 20:40:06', '$5 for the double walljump skip. That was epic, glad all that practice paid off! -matty'),
(1571496573, 395763787, 'CHIPIN', '1312500940000n_ranta@hotmail.com', 'PENDING', 'COMMENT_READ', 5.00, '2011-08-04 17:35:40', 'Confound these marathons, they drive me to insomnia'),
(1586297809, 1168361227, 'CHIPIN', '1312521375000dballin4@gmail.com', 'PENDING', 'COMMENT_READ', 8.00, '2011-08-04 23:16:15', 'Breakdown told me to drink until philanthropy. I give freely so I guess it doesn''t take much. Here''s the equivalent to my bar tab tonight. Yay SDA! I like DarkKobold''s shirt since it''s the same shirt I wore to AGDQ. High Five on shirt choice. Put this towards Terr''s story and name Terra Aeris if you can!! I''m still looking for that since CGDQ. LOVE SDA'),
(1614449907, 395763787, 'CHIPIN', '1312555374000n_ranta@hotmail.com', 'PENDING', 'COMMENT_READ', 10.00, '2011-08-05 08:42:54', 'The metroid plushie is still looking for companion for times when I''m not around...'),
(1620265705, 1671282240, 'CHIPIN', '1312508429000mastrrob@mastrrob.com', 'PENDING', 'COMMENT_READ', 20.00, '2011-08-04 19:40:29', 'Thanks for playing games for a good cause! If there is still some VVVVVVV trinkets to donate for, send this there.'),
(1625169805, 1730848447, 'CHIPIN', '1312591399000emailskratman@yahoo.com', 'PENDING', 'COMMENT_READ', 10.00, '2011-08-05 18:43:19', 'OK! Donated $15 dollars for that awesome Katamari Cap. Thanks to MercuryZelda and that cap, I''ll be able to roll up the cosmos. R-O-Y-A-L R-A-I-N-B-O-W!!!!'),
(1627146414, 1311505427, 'CHIPIN', '1312565066000rrtycoon2@yahoo.com', 'PENDING', 'COMMENT_READ', 10.00, '2011-08-05 11:24:26', 'English..............in a Clint Eastwood voice.'),
(1629286548, -1628390959, 'LOCAL', '1629286548', 'PROCESSED', 'COMMENT_READ', 5.00, '2011-08-05 14:55:35', ''),
(1639376133, 178212497, 'CHIPIN', '1312499290000fenixdown83@hotmail.com', 'PENDING', 'AMOUNT_READ', 10.00, '2011-08-04 17:08:10', NULL),
(1640774179, -1223091447, 'CHIPIN', '1312573272000ssancha@me.com', 'PENDING', 'COMMENT_READ', 10.00, '2011-08-05 13:41:12', 'This is for JMan, you introduced me to LP''s and Speedruns and they''re practically my biggest joy ever since. Without you I would''ve missed out on so much joy. Thanks for everything and still doing what you''re doing. To me you are the definitive I Wanna Be The Guy, I love you man.'),
(1641684595, -1539437719, 'CHIPIN', '1312615553000shahmehdi327@gmail.com', 'PENDING', 'COMMENT_READ', 20.00, '2011-08-06 01:25:53', 'One radio signal, good enough for me! Put this for the credit sing along :)'),
(1650080993, 1240158700, 'CHIPIN', '1312601551000pat00139@hotmail.com', 'PENDING', 'COMMENT_READ', 20.00, '2011-08-05 21:32:31', 'Brossentia,that was impressive.'),
(1651989277, -1903262445, 'CHIPIN', '1312483340000cgibson1976@comcast.net', 'PROCESSED', 'COMMENT_READ', 50.00, '2011-08-04 12:42:20', 'Rescue Rangers game - will you please play as Dale, Chip gets too much screen time IMO. Oh yeah, which came first: Chip ''n Dale or Chippendale''s? I heard Disney was a weirdo....'),
(1656840992, -454101817, 'CHIPIN', '1312591307000coingray@gmail.com', 'PROCESSED', 'COMMENT_READ', 10.00, '2011-08-05 18:41:47', 'Ten dollars towards the weaponless Mirrors Edge run, good sirs and madams! :D'),
(1657134879, 1225610804, 'CHIPIN', '1312509034000shawn.naka@gmail.com', 'PENDING', 'COMMENT_READ', 5.00, '2011-08-04 19:50:34', 'Awesome runs as always Duckfist! good luck on the crab and capsule!'),
(1657732880, 2008229661, 'CHIPIN', '1312607301000s_kiazyk@hotmail.com', 'PENDING', 'COMMENT_READ', 20.00, '2011-08-05 23:08:21', 'SMK here. Get the items! Huzzah! Go Nitro! Thank you for making music go!'),
(1678673883, 812300436, 'CHIPIN', '1312514296000coolmatt@sorrowind.net', 'PENDING', 'COMMENT_READ', 1.00, '2011-08-04 21:18:16', 'I just want to tell you good luck. We''re all counting on you.'),
(1680292129, 391025662, 'CHIPIN', '1312573072000boct1584@gmail.com', 'PROCESSED', 'COMMENT_READ', 10.00, '2011-08-05 13:37:52', 'Glad to see you guys doing another marathon. Missed yesterday on account of work, but I''ll be following the remaining. Looking forward to Toejam and Earl 2, and I''d like my donation to count for 100% on Link to the Past.'),
(1680870487, -928409741, 'CHIPIN', '1312576407000e.m.hibbs@gmail.com', 'PROCESSED', 'COMMENT_READ', 15.00, '2011-08-05 14:33:27', 'Here''s 15 towards whichever KH the runners want to play. I fight for the runners!'),
(1682121853, 765298294, 'CHIPIN', '1312507568000itastica@gmail.com', 'PENDING', 'COMMENT_READ', 5.00, '2011-08-04 19:26:08', 'Koo mow wants Russell to beat the big boss.'),
(1682354397, -1123387506, 'CHIPIN', '1312572933000dialdereth@yahoo.com', 'PENDING', 'COMMENT_READ', 5.00, '2011-08-05 13:35:33', 'Keep up the great work guys!'),
(1691512253, -396180415, 'CHIPIN', '1312502805000damienmoody26@gmail.com', 'PENDING', 'COMMENT_READ', 10.00, '2011-08-04 18:06:45', 'Great marathon so far. Thanks for putting this together and completely occupying my weekend. In addition, put this $10 toward the Pink Cloak/Purple Liner for SotN.'),
(1747219861, -1584726242, 'CHIPIN', '1312604996000cyberbotx@cyberbotx.com', 'PENDING', 'COMMENT_READ', 20.00, '2011-08-05 22:29:56', 'Putting this towards Puns in ALttP yet again, also to get in the running for the VVVVVV perlers.'),
(1753484065, -1282876668, 'CHIPIN', '1312519012000katrastarbeam@hotmail.com', 'PENDING', 'COMMENT_READ', 20.00, '2011-08-04 22:36:52', 'For Dessy killing parents. Sadly I will miss it Saturday but I know it will be done! With love from Creapir =D'),
(1761050452, -1903262445, 'CHIPIN', '1312512401000cgibson1976@comcast.net', 'PENDING', 'COMMENT_READ', 5.00, '2011-08-04 20:46:41', 'For watermelucard'),
(1766552976, -403339124, 'CHIPIN', '1312507772000mattstankey@gmail.com', 'PENDING', 'COMMENT_READ', 10.00, '2011-08-04 19:29:32', 'Duckfist is THA MAN! It''s both kind of embarrassing and awesome to see you beat my MM9 time with buster only. GL in MM10, looking forward to it.'),
(1774839400, 812300436, 'CHIPIN', '1312579824000coolmatt@sorrowind.net', 'PENDING', 'COMMENT_READ', 1.00, '2011-08-05 15:30:24', 'Just a little more than an hour until kubelwagon ... ties things up ... here.'),
(1774940211, -1245650066, 'CHIPIN', '1312482696000mikw_uyma@hotmail.com', 'PROCESSED', 'COMMENT_READ', 10.00, '2011-08-04 12:31:36', 'I want some Bananawing Duckola, because two bananas a day, keep the doctor away. Also, I missed it during JRDQ and I still haven''t quite forgiven Darkwing Duck for SCHEDULE SCHEDULE SCHEDULE!'),
(1780547428, 1290804767, 'CHIPIN', '1312482652000jj@cerebraltech.com', 'PROCESSED', 'COMMENT_READ', 50.00, '2011-08-04 12:30:52', 'For a great cause, for some great runs, and for MM9 buster-only. - thedopefish'),
(1784371658, -1899174503, 'CHIPIN', '1312490868000jercos@jercos.dyndns.org', 'PENDING', 'COMMENT_READ', 40.00, '2011-08-04 14:47:48', 'HEY, shouts to my peeps on irc.subluminal.net'),
(1791765319, 1311505427, 'CHIPIN', '1312595217000rrtycoon2@yahoo.com', 'PROCESSED', 'COMMENT_READ', 12.00, '2011-08-05 19:46:57', 'SAVE THE PANDAS!!! Also, 12 toward Terra, just because I''m a mean old ****.'),
(1792810394, -579065678, 'CHIPIN', '1312503200000fuzzmosis@hotmail.com', 'PENDING', 'COMMENT_READ', 20.00, '2011-08-04 18:13:20', 'For DarkKobold getting double teamed by Gemini Men?'),
(1793624494, 811787559, 'CHIPIN', '1312548090000dsheinem@yahoo.com', 'PENDING', 'AMOUNT_READ', 25.00, '2011-08-05 06:41:30', NULL),
(1796901131, -996608574, 'CHIPIN', '1312493473000rjt210@lehigh.edu', 'PROCESSED', 'COMMENT_READ', 10.00, '2011-08-04 15:31:13', '$10 towards Veni Vidi Vici trinket in VVVVVV! Nibbly pibblies!'),
(1797960645, -785479194, 'CHIPIN', '1312504208000tr_helwig@hotmail.com', 'PENDING', 'COMMENT_READ', 50.00, '2011-08-04 18:30:08', 'This is Caracarn from the forums, put this donation towards the Veni Vedi Vici trinket. And this is an awesome MM3 race!'),
(1811813149, 1089152247, 'CHIPIN', '1312580968000connorgeorgiou@gmail.com', 'PROCESSED', 'COMMENT_READ', 10.00, '2011-08-05 15:49:28', 'Donating for KH2!'),
(1813326455, 1730848447, 'CHIPIN', '1312514425000emailskratman@yahoo.com', 'PENDING', 'COMMENT_READ', 5.00, '2011-08-04 21:20:25', 'Hey Arrow, having never played Donkey Kong ''94 this is still a very cool game to watch. Looking forward to We Love Katamari!! And I''d love to have that perler. DK''s awesome! It''s not a true Mario Party game without Donkey Kong!! Lovin'' the marathon, everyone! Watermelucard!'),
(1814495039, -1204243473, 'CHIPIN', '1312489554000gagoncr@dukes.jmu.edu', 'PENDING', 'COMMENT_READ', 1.00, '2011-08-04 14:25:54', 'Please just call me "Billy." Here''s a dollar because I''m broke. I just want to see the baby play a game.'),
(1815588493, -537266730, 'CHIPIN', '1312483775000modsquadlulz2@gmail.com', 'PROCESSED', 'COMMENT_READ', 1.00, '2011-08-04 12:49:35', 'Although my 20 buck donation (10 minutes ago) didn''t want a comment, heres hoping for the 3DS prize and the torture towards Kingdom Hearts 1 run since the gummy ship levels are more of a pain in the first game! Here Here to beating them games quick for a good cause! Remind me to send bacon your way, Love Canada'),
(1818626717, 812300436, 'CHIPIN', '1312601550000coolmatt@sorrowind.net', 'PENDING', 'COMMENT_READ', 5.00, '2011-08-05 21:32:30', 'This is for doing that whole section without dying, Brossentia. I watched you die so many times in practice! No pressure!'),
(1833552039, 357312643, 'CHIPIN', '1312584823000shayne.t.hill@gmail.com', 'PROCESSED', 'COMMENT_READ', 20.00, '2011-08-05 16:53:43', 'Gotta go for a shot at that Kirby plushie. Also, please put my $20 towards ToeJam in TJ&E2.'),
(1852639035, -1939435653, 'CHIPIN', '1312584523000thesounddefense@gmail.com', 'PROCESSED', 'COMMENT_READ', 5.00, '2011-08-05 16:48:43', 'TSD wants a Kirby plushie! Also I would like to cast my $5 toward naming our ALttP character "Akazaboo".'),
(1867246190, -124084627, 'CHIPIN', '1312554649000bahamutdragons@yahoo.com', 'PENDING', 'COMMENT_READ', 11.11, '2011-08-05 08:30:49', 'I''m at work, so no time to watch the game or play the "pronounce my name correctly and get money" game, but hey... PLUSHIE!'),
(1883143016, -124084627, 'CHIPIN', '1312579382000bahamutdragons@yahoo.com', 'PENDING', 'COMMENT_READ', 5.00, '2011-08-05 15:23:02', 'Epic.'),
(1887230117, -1935278093, 'CHIPIN', '1312489156000joey2myst@hotmail.com', 'PENDING', 'AMOUNT_READ', 7.00, '2011-08-04 14:19:16', NULL),
(1893720763, 626334531, 'CHIPIN', '1312500113000leo.kolari@rajavirasto.net', 'PENDING', 'AMOUNT_READ', 10.00, '2011-08-04 17:21:53', NULL),
(1897673693, -1132789251, 'LOCAL', '1897673693', 'PROCESSED', 'COMMENT_READ', 10.00, '2011-08-05 18:56:40', ''),
(1900541217, -1939435653, 'CHIPIN', '1312611568000thesounddefense@gmail.com', 'PENDING', 'COMMENT_READ', 5.00, '2011-08-06 00:19:28', 'Perlers are cool and so is Cave Story!'),
(1901703027, -2065793666, 'CHIPIN', '1312585066000storm99999@gmail.com', 'PENDING', 'AMOUNT_READ', 5.00, '2011-08-05 16:57:46', NULL),
(1904170846, -151186794, 'CHIPIN', '1312483741000no@no.com', 'PENDING', 'COMMENT_READ', 77.00, '2011-08-04 12:49:01', 'Great job guys! I have a family member with bad autism, so I know how much prevention or treatment could help so many people. Couldn''t make this marathon, but I''ll make the winter one! And Halo won''t suck!'),
(1909292643, 745724163, 'CHIPIN', '1312584399000hellotherefriend52@hotmail.com', 'PENDING', 'COMMENT_READ', 5.00, '2011-08-05 16:46:39', 'NXRunner again, here''s the $5 for Sword Kirby as promised. Hope to see these games done live when I''m there at AGDQ2 (hopefully with Rogue Squadron: Rogue Leader)!'),
(1911871251, -1669467843, 'CHIPIN', '1312481908000chumlum@hotmail.com', 'PENDING', 'COMMENT_READ', 5.00, '2011-08-04 12:18:28', 'I challenge Feasel to beat the fearsome hammer level in Rescue Rangers. Greetings from chumlum. Looking forward to an awesome marathon.'),
(1935162427, 657402306, 'CHIPIN', '1312504778000bobby2661@hotmail.com', 'PENDING', 'COMMENT_READ', 10.00, '2011-08-04 18:39:38', 'ButtersBB here. Shoutouts to SPIKES and DUCT TAPE.'),
(1945642285, 2038391032, 'CHIPIN', '1312510628000hyp3r.phone@gmail.com', 'PENDING', 'COMMENT_READ', 10.00, '2011-08-04 20:17:08', 'passed out during metal gear, but luckily woke up in time for this! $10 for bananacard! keep going guys, 1/3 of the way there already!'),
(1953159320, -273892736, 'CHIPIN', '1312509879000thompso0@yahoo.com', 'PENDING', 'COMMENT_READ', 10.00, '2011-08-04 20:04:39', 'Put my $10 towards Watermelon Alucard!'),
(1968028686, 993225161, 'CHIPIN', '1312493935000bj_waters@hotmail.com', 'PENDING', 'COMMENT_READ', 5.00, '2011-08-04 15:38:55', 'Donkey Kong ''94 was a part of my childhood. I remember it being quite the challenge. Seeing it destroyed live would make my day.'),
(1968403332, 1452405338, 'CHIPIN', '1312484103000mike89_mkscelite@hotmail.com', 'PENDING', 'COMMENT_READ', 25.00, '2011-08-04 12:55:03', 'G''day from upside down land! Autism is something that affects both my brother and girlfriend, so very worthwhile cause as always! This donation goes towards Bananawing Duckola!'),
(1969604354, -895617670, 'CHIPIN', '1312614834000zerromi@gmail.com', 'PENDING', 'COMMENT_READ', 5.00, '2011-08-06 01:13:54', '5 bucks for an absolutely sick Quake 2 run and to put my hat in for the Mr. T perler. Great RLs, Gombill, even with that missed quad jump.'),
(1970902838, -1317022526, 'CHIPIN', '1312611193000holysporks@gamil.com', 'PENDING', 'COMMENT_READ', 11.00, '2011-08-06 00:13:13', 'It is guys like you that make me proud to call myself a gamer. Keep up the good work and good luck with the rest of the marathon.'),
(1973535487, -739590878, 'CHIPIN', '1312494436000kerbe33@yahoo.com', 'PROCESSED', 'COMMENT_READ', 15.00, '2011-08-04 15:47:16', 'Here''s fifteen to bring buster only to the half way mark.'),
(1977601991, 517052545, 'CHIPIN', '1312575632000khaos4wood@ymail.com', 'PROCESSED', 'COMMENT_READ', 10.00, '2011-08-05 14:20:32', 'I wanna see the KH2 race!! Loving the marathon so far, and I''m glad I can donate to this one. Crossing my fingers for that 3DS!'),
(1982796856, -1939435653, 'CHIPIN', '1312585052000thesounddefense@gmail.com', 'PROCESSED', 'COMMENT_READ', 5.00, '2011-08-05 16:57:32', 'Might as well go for the animation cel. And another $5 for Akazaboo, or u00e3?u00a2u00e3?u00abu00e3?u00b6u00e3?? as the case may be?'),
(1983232493, -1430847285, 'CHIPIN', '1312505273000aalvarez0909@gmail.com', 'PENDING', 'COMMENT_READ', 10.00, '2011-08-04 18:47:53', 'Hats off to Dunnius and DarkKobold for the great MM3 race, hopefully a metool hat. Put these ten towards a blue cloak and orange liner.'),
(1986872539, 1681245842, 'CHIPIN', '1312591059000eric.c.glaeser@gmail.com', 'PROCESSED', 'COMMENT_READ', 0.01, '2011-08-05 18:37:39', 'Zelda any % Two is company, three is a crowd!'),
(1997146332, 1311505427, 'CHIPIN', '1312495975000rrtycoon2@yahoo.com', 'PENDING', 'COMMENT_READ', 10.00, '2011-08-04 16:12:55', '10 more for no buster on MM9...although it looks like it''ll come up a fair bit short.'),
(2007683405, 2037458682, 'CHIPIN', '1312593355000romscout@gmail.com', 'PROCESSED', 'COMMENT_READ', 15.00, '2011-08-05 19:15:55', 'kuru kuru rock'),
(2009908068, -739590878, 'CHIPIN', '1312494745000kerbe33@yahoo.com', 'PROCESSED', 'COMMENT_READ', 19.00, '2011-08-04 15:52:25', 'Next I''ll put this 19 dollars towards using Aqua in BBS because she''s awesome!'),
(2019731705, 1770507651, 'CHIPIN', '1312556401000sebastian-rugby@bredband.net', 'PENDING', 'AMOUNT_READ', 5.00, '2011-08-05 09:00:01', NULL),
(2022188530, -895617670, 'CHIPIN', '1312498388000zerromi@gmail.com', 'PROCESSED', 'COMMENT_READ', 10.00, '2011-08-04 16:53:08', 'When there''s a Metool hat on the line, I gotta donate! Also, apply this towards a VVVVVV trinket.'),
(2022867760, -682245900, 'CHIPIN', '1312535136000kingedgar0@gmail.com', 'PENDING', 'COMMENT_READ', 5.00, '2011-08-05 03:05:36', 'I''ve been looking forward to this run. theseawolf1 is doing a great job playing and commentating- keep up the great work everyone! What you are doing is amazing.'),
(2024100169, -702042783, 'CHIPIN', '1312587245000jazaaboo@gmail.com', 'PROCESSED', 'COMMENT_READ', 10.00, '2011-08-05 17:34:05', 'Hey-o! $10 for a chance at the 3DS or the Wing Cap or whatever other goofy treasures you have locked away in that den of nerdery. Also I want to see some weaponless Mirror''s Edge wackiness!'),
(2028612079, 812300436, 'CHIPIN', '1312606100000coolmatt@sorrowind.net', 'PENDING', 'COMMENT_READ', 5.00, '2011-08-05 22:48:20', 'I haven''t laughed that hard in a long time, thanks for doing the challenge! And this is an extra $5 for romscout doing the challenge as well!'),
(2039459380, 1935620079, 'CHIPIN', '1312585965000jggray52@gmail.com', 'PENDING', 'AMOUNT_READ', 10.00, '2011-08-05 17:12:45', NULL),
(2052056910, 1503886210, 'LOCAL', '2052056910', 'PROCESSED', 'COMMENT_READ', 10.00, '2011-08-05 18:55:30', ''),
(2054597028, 690849991, 'CHIPIN', '1312617036000insigmatheory@gmail.com', 'PROCESSED', 'COMMENT_READ', 10.00, '2011-08-06 01:50:36', 'Shoutout to SDA! Watched your last marathon. And this one has been even better! When I''m not casting Starcraft 2 matches I''m watching sda live streams! Sing for Still Alive! [KH2 vote btw] *note - This puts me in raffle for grand prize right?]'),
(2055187866, -63817549, 'CHIPIN', '1312526910000ritterad@yahoo.com', 'PENDING', 'COMMENT_READ', 10.00, '2011-08-05 00:48:30', 'Let''s get this party started.'),
(2058823261, 738176714, 'CHIPIN', '1312615115000cyracnem@live.com', 'PENDING', 'AMOUNT_READ', 13.00, '2011-08-06 01:18:35', NULL),
(2059764431, 812300436, 'CHIPIN', '1312491399000coolmatt@sorrowind.net', 'PENDING', 'COMMENT_READ', 110.00, '2011-08-04 14:56:39', 'C-C-C-C-COMBO BREAKER: Donation for Duckola! YOU ARE THE BANANA-MAN!'),
(2075670555, -1890657987, 'CHIPIN', '1312611312000halamantariel@hotmail.com', 'PENDING', 'COMMENT_READ', 20.00, '2011-08-06 00:15:12', '20$ because Nitrodon is a BEAST in Cave Story! Awesome job, buddy!'),
(2082589248, 1878243133, 'CHIPIN', '1312486877000bmyers18@ameritech.net', 'PENDING', 'COMMENT_READ', 15.00, '2011-08-04 13:41:17', 'Love the SDA marathons. I hope you keep doing them.'),
(2086572869, -928409741, 'CHIPIN', '1312487874000e.m.hibbs@gmail.com', 'PENDING', 'COMMENT_READ', 10.00, '2011-08-04 13:57:54', 'Rom, I''m starting the fund for you to sing "I am the Wind." I know it''s not in the XBLA one, but have someone bring it up on YouTube. Name your price. The gauntlet has been thrown down, sir.'),
(2102002452, 812300436, 'CHIPIN', '1312492137000coolmatt@sorrowind.net', 'PENDING', 'COMMENT_READ', 61.01, '2011-08-04 15:08:57', 'Ohai I herd u liek bananas in yer ears? DUCKOLA Donation FOR VICTORY!'),
(2112065608, -1213613564, 'CHIPIN', '1312589223000makimakimakimaki@gmail.com', 'PENDING', 'COMMENT_READ', 10.00, '2011-08-05 18:07:03', 'good work guys. excited for the vvvvvv run! keep it up.'),
(2119387165, -1419777479, 'CHIPIN', '1312596459000gvnbru12@gmail.com', 'PROCESSED', 'COMMENT_READ', 10.00, '2011-08-05 20:07:39', 'put my tenbux towards aqua''s story in birth by sleep because I never got to that part of the game'),
(2129601769, -387835629, 'CHIPIN', '1312575573000champidc@gmail.com', 'PROCESSED', 'COMMENT_READ', 25.00, '2011-08-05 14:19:33', 'Keep up the good work guys. Put this money toward a 100% Link to the Past run.'),
(2137347483, 563913968, 'CHIPIN', '1312555918000peterknutsson@hotmail.com', 'PENDING', 'COMMENT_READ', 20.00, '2011-08-05 08:51:58', '20 bucks for Team Right to fight over the ladies!'),
(2139163335, 1724675806, 'CHIPIN', '1312588175000toufool31@gmail.com', 'PENDING', 'COMMENT_READ', 10.00, '2011-08-05 17:49:35', '****Name is actually AUSTIN RYAN/Toufool31, so please say Austin Ryan instead.****My mom teaches handicapped children so I can relate to this charity. Hope I can win that Wing Cap hat. Oh, and Gombill, I see that you studied Twig''s dworld good job :)'),
(362174665, -519366769, 'CHIPIN', '1312620101000lynbt@ufl.edu', 'PENDING', 'COMMENT_READ', 5.00, '2011-08-06 02:41:41', 'Sup, RaneofSoTN here... there is some problem no one is paying up for "Rane" for lttp? like srsly? I guess they know PUNS are the bane of my existance... Anyway put this to kh2 cause god damn if i''ll watch kh1'),
(659903077, -583021254, 'CHIPIN', '1312620284000diabolique_math@hotmail.com', 'PENDING', 'COMMENT_READ', 12.00, '2011-08-06 02:44:44', 'Great marathon! Keep on being awesome! Also toward KH2 Race'),
(772981899, -1289895554, 'CHIPIN', '1312618101000zaphod_420@hotmail.com', 'PENDING', 'AMOUNT_READ', 10.00, '2011-08-06 02:08:21', NULL),
(806403586, -447476843, 'CHIPIN', '1312618213000reaper3978@msn.com', 'PENDING', 'COMMENT_READ', 8.00, '2011-08-06 02:10:13', 'Must...Stay...Awake...Must...See Xehanort 3...!'),
(1686114466, 1089152247, 'CHIPIN', '1312620611000connorgeorgiou@gmail.com', 'PENDING', 'COMMENT_READ', 7.50, '2011-08-06 02:50:11', 'Keep up the good work! Voting for Terra'),
(1406792431, -1604270321, 'CHIPIN', '1312620988000juhotalvitie@hotmail.com', 'PENDING', 'COMMENT_READ', 10.00, '2011-08-06 02:56:28', 'The Kingdom Hearts series claims another 10 dollars. This time it''s for Terra.'),
(509902511, -1539437719, 'CHIPIN', '1312621250000shahmehdi327@gmail.com', 'PENDING', 'COMMENT_READ', 30.00, '2011-08-06 03:00:50', 'KIDDIE LAND! Im giving this for the unofficial gnome chompski run'),
(-719818121, 2038391032, 'CHIPIN', '1312621454000hyp3r.phone@gmail.com', 'PENDING', 'COMMENT_READ', 10.00, '2011-08-06 03:04:14', 'KARMA CHARGER IS ALWAYS WATCHING. (And probably approves of this marathon)'),
(-180209459, 348267663, 'CHIPIN', '1312621650000garlyle@gmail.com', 'PENDING', 'COMMENT_READ', 10.00, '2011-08-06 03:07:30', 'This donation would be to support Aqua, but I have to keep up my record of being the only person who cares about Ventus. So put this towards Ventus in Birth by Sleep as feeble as it is.'),
(-1525692925, -454101817, 'CHIPIN', '1312621713000coingray@gmail.com', 'PENDING', 'COMMENT_READ', 15.00, '2011-08-06 03:08:33', 'Hey! Put this down for an Aqua run in Birth by Sleep. :) Keep up the good work!'),
(-1723237672, 1078268665, 'CHIPIN', '1312621914000scompton3@gmail.com', 'PENDING', 'COMMENT_READ', 300.00, '2011-08-06 03:11:54', 'minish cap name, MrSparkle, Sparkle, or w/e will fit'),
(375802049, -454101817, 'CHIPIN', '1312622509000coingray@gmail.com', 'PENDING', 'COMMENT_READ', 5.00, '2011-08-06 03:21:49', 'Hey, a few more bucks for Aqua in BBS, and autism research. Make sure you get some sleep! :P'),
(-111670692, -1584526434, 'CHIPIN', '1312622816000flipvrijn@gmail.com', 'PENDING', 'AMOUNT_READ', 5.00, '2011-08-06 03:26:56', NULL),
(1156505526, -1271906587, 'CHIPIN', '1312623305000dougamer@gmail.com', 'PENDING', 'COMMENT_READ', 10.00, '2011-08-06 03:35:05', 'Another $10 from me for Terra. =D'),
(-939375291, 817954523, 'CHIPIN', '1312623580000kennet.j@hotmail.com', 'PENDING', 'COMMENT_READ', 5.00, '2011-08-06 03:39:40', 'MistMage here, have another donation. Also put it toward LUNK for LttP cause why not?'),
(317359588, 164988719, 'CHIPIN', '1312624413000lmanderson82@hotmail.com', 'PENDING', 'COMMENT_READ', 100.00, '2011-08-06 03:53:33', 'More like Left 4 Bed. Goodnight guys.'),
(1286970117, 1711988627, 'CHIPIN', '1312481588000madmanlotar@gmail.com', 'PROCESSED', 'COMMENT_READ', 10.00, '2011-08-04 12:13:08', 'Thanks for the runs, great event!'),
(138764542, -1423644876, 'CHIPIN', '1312626263000fyeree@gmail.com', 'PENDING', 'COMMENT_READ', 10.00, '2011-08-06 04:24:23', '$5 KH2, the rest for aqua and also for the runner of L4D2 who should be given more respect and SOME quiet to focus i.m.o. P.S. This is really great what you are doing'),
(-1623923681, -1271906587, 'CHIPIN', '1312626636000dougamer@gmail.com', 'PENDING', 'COMMENT_READ', 10.00, '2011-08-06 04:30:36', 'Another $10 from me for Terra. Sorry guys, it''s gonna be Terra =D'),
(835593938, -1539437719, 'CHIPIN', '1312626737000shahmehdi327@gmail.com', 'PENDING', 'COMMENT_READ', 6.00, '2011-08-06 04:32:17', 'Another one for terra heh Also how much do we have to donate to show the Aeris cutscene in KH2'),
(-96034762, 1521718173, 'CHIPIN', '1312626389000colin@heatwave.co.uk', 'PENDING', 'COMMENT_READ', 60.00, '2011-08-06 04:26:29', '30 from me and my brother! Thanks for the runs! (Oh, and AQUAA! ^_____^)'),
(305758329, -1284447797, 'CHIPIN', '1312626718000objectorbit@yahoo.com', 'PENDING', 'COMMENT_READ', 20.00, '2011-08-06 04:31:58', '20 for Aqua, because melee combat in the KH series is boring to watch.'),
(1815403427, 2109652689, 'CHIPIN', '1312626802000davidhirschberg@cox.net', 'PENDING', 'COMMENT_READ', 10.00, '2011-08-06 04:33:22', 'For Aqua'),
(-683659968, -1539437719, 'CHIPIN', '1312627021000shahmehdi327@gmail.com', 'PENDING', 'COMMENT_READ', 50.00, '2011-08-06 04:37:01', 'Put this in for Terra!'),
(-1170183226, 348267663, 'CHIPIN', '1312627166000garlyle@gmail.com', 'PENDING', 'COMMENT_READ', 10.00, '2011-08-06 04:39:26', 'Donating for Ventus COME ON GUYS WE CAN STILL DO THIS. ...Anyone?'),
(-215545785, 1730848447, 'CHIPIN', '1312627158000emailskratman@yahoo.com', 'PENDING', 'COMMENT_READ', 5.00, '2011-08-06 04:39:18', 'Great L4D2 run, Kubel. It''s awesome to see more PC games run in the SDA marathons. Didn''t get much love in commentary, but the chat stream was really digging your game play. Mr. T entry, and please put my five dollars toward Earl.'),
(2081132950, 2109652689, 'CHIPIN', '1312627222000davidhirschberg@cox.net', 'PENDING', 'COMMENT_READ', 10.00, '2011-08-06 04:40:22', 'more for aqua'),
(-151230541, -396180415, 'CHIPIN', '1312627160000damienmoody26@gmail.com', 'PENDING', 'COMMENT_READ', 25.00, '2011-08-06 04:39:20', 'This is for Terra.'),
(-1028460812, -810955926, 'CHIPIN', '1312627290000rfinkle0@email.cpcc.edu', 'PENDING', 'COMMENT_READ', 10.00, '2011-08-06 04:41:30', 'for terra! go go'),
(-900333046, -131336754, 'CHIPIN', '1312627308000memory_inertia@fastmail.fm', 'PENDING', 'COMMENT_READ', 30.00, '2011-08-06 04:41:48', '30 dollars for Aqua!!!'),
(1834658137, -42668507, 'CHIPIN', '1312627872000tarjanian_tenragan@yahoo.de', 'PENDING', 'AMOUNT_READ', 10.00, '2011-08-06 04:51:12', NULL),
(116795175, 348267663, 'CHIPIN', '1312628641000garlyle@gmail.com', 'PENDING', 'COMMENT_READ', 10.00, '2011-08-06 05:04:01', 'Donating for Ventus. ...Or Final Story, I guess.'),
(1661738309, 85722186, 'CHIPIN', '1312629416000beeltec@gmail.com', 'PENDING', 'COMMENT_READ', 10.00, '2011-08-06 05:16:56', 'Hey guys, you''re definitely awesome for doing this marathon. I''ve waited a long time for seeing a speedrun of KH:BBS. Go Essentia! ;) Best regards from Germany'),
(-174237504, 1094908735, 'CHIPIN', '1312632300000emily.lizzi@yahoo.com', 'PROCESSED', 'COMMENT_READ', 10.00, '2011-08-06 06:05:00', 'Keep rocking on, Essentia! Put this towards Kingdom Hearts 2 please - I want to see Piewexil run a game. :)'),
(-1574666672, -357956335, 'CHIPIN', '1312632100000fire.elf.fey@gmail.com', 'PROCESSED', 'COMMENT_READ', 20.00, '2011-08-06 06:01:40', 'I''m contributing for KH2, and I wanted to donate during the Minish Cap run, because I wanted to try for the hat, but I have to go to a family reunion soon, so I''ll be there instead of watching. Having a blast watching!!'),
(-1094207054, -1223091447, 'CHIPIN', '1312632580000ssancha@me.com', 'PENDING', 'COMMENT_READ', 5.00, '2011-08-06 06:09:40', 'I wanted to put this towards one of the blindfold funds, but I''d rather have you guys buy red shirt guy a can of Red Bull because he''s dying in the background and it''s breaking my kingdom heart :('),
(-2076469425, -1223091447, 'CHIPIN', '1312633054000ssancha@me.com', 'PENDING', 'COMMENT_READ', 15.00, '2011-08-06 06:17:34', 'An additional 15 so Essentia doesn''t think nobody donates to her fund. Also, I penalized myself for not saying that "my kingdom heart is actually LIMIT breaking for Red Shirt guy". Now excuse me while I duct tape myself.'),
(-1944211648, -1158584982, 'CHIPIN', '1312633163000neshberatu@hotmail.com', 'PENDING', 'COMMENT_READ', 10.00, '2011-08-06 06:19:23', 'WITH MY FREEZE RAY I WILL FIND THE TIME TO FIND A WAY TO TELL YOU HOW, HOW I FEEL. (Bit late, I know, But hey, I still did it) Also you guys are awesome.'),
(1499551367, 395763787, 'CHIPIN', '1312633926000n_ranta@hotmail.com', 'PENDING', 'COMMENT_READ', 10.00, '2011-08-06 06:32:06', 'For the blindfold.'),
(945320010, 1094908735, 'CHIPIN', '1312634334000emily.lizzi@yahoo.com', 'PENDING', 'COMMENT_READ', 20.00, '2011-08-06 06:38:54', 'Birth by Blindfold is on!'),
(720377889, -1223091447, 'CHIPIN', '1312634368000ssancha@me.com', 'PENDING', 'COMMENT_READ', 19.99, '2011-08-06 06:39:28', 'Dear Jman, what are your thoughts on same-sex marriage? More specifically, being involved in one and the resulting man-babies?'),
(-2029441158, -1158584982, 'CHIPIN', '1312634648000neshberatu@hotmail.com', 'PENDING', 'COMMENT_READ', 5.00, '2011-08-06 06:44:08', 'Another 5 bucks because that woman is a goddamned BOSS'),
(102839464, 194305457, 'CHIPIN', '1312636871000t0nu@hotmail.com', 'PENDING', 'AMOUNT_READ', 1.00, '2011-08-06 07:21:11', NULL),
(1359904458, 1663842492, 'CHIPIN', '1312638286000clucas8464@comcast.net', 'PROCESSED', 'COMMENT_READ', 10.00, '2011-08-06 07:44:46', 'This is Kari from the forums, great runs so far! Consider this a donation towards LUNK for the Zelda:LttP run, if you''re still taking those.'),
(1306072697, 1004290714, 'CHIPIN', '1312639073000kennyroos@juno.com', 'PENDING', 'COMMENT_READ', 500.00, '2011-08-06 07:57:53', 'That was all for KH1'),
(1978364782, -969047657, 'CHIPIN', '1312640526000emptyeye@juno.com', 'PENDING', 'COMMENT_READ', 25.00, '2011-08-06 08:22:06', 'More Mr. and Mrs. Emptyeye donations! Mrs. Emptyeye would like $15 of this to go toward Kingdom Hearts 2. As for the last $10, Toejam walk is WEAK. Earl walk is STRONG. So $10 for Earl in TJ&E2.'),
(-50092367, -734068321, 'CHIPIN', '1312640985000lagdotcom@gmail.com', 'PROCESSED', 'COMMENT_READ', 20.00, '2011-08-06 08:29:45', 'Hey guys, I''m not there, but I''m trolling your chat as if I were. Play Kingdom Hearts 2! puwexil''s cutting jibes are top tire but I''d like him to play stuff too.'),
(489431391, 357312643, 'CHIPIN', '1312641602000shayne.t.hill@gmail.com', 'PROCESSED', 'COMMENT_READ', 20.00, '2011-08-06 08:40:02', 'Putting in another $20 toward my man (alien... thing) ToeJam for TJ&E2!'),
(1223618711, 340232777, 'CHIPIN', '1312641942000vorpaledge@gmail.com', 'PENDING', 'COMMENT_READ', 11.00, '2011-08-06 08:45:42', 'nice sotc run, not everything worked out but the game''s finicky. especially enjoyed the approach to #16. thanks for running it.'),
(-1829090003, 2028314509, 'CHIPIN', '1312641913000cmd.vimes@gmail.com', 'PROCESSED', 'COMMENT_READ', 10.00, '2011-08-06 08:45:13', 'EPSY for Filename for Zelda: ALTTP Sharks are adorable.'),
(1777478222, 1094908735, 'CHIPIN', '1312642269000emily.lizzi@yahoo.com', 'PENDING', 'COMMENT_READ', 25.00, '2011-08-06 08:51:09', 'I need to see the Earl walk - Earl for TJ&E2 please! I''m ready to groove. XD'),
(1900567659, 395763787, 'CHIPIN', '1312642285000n_ranta@hotmail.com', 'PENDING', 'COMMENT_READ', 5.00, '2011-08-06 08:51:25', '(KH2)'),
(-376590869, -2013076048, 'CHIPIN', '1312642456000paypal@tropictech.de', 'PENDING', 'COMMENT_READ', 500.00, '2011-08-06 08:54:16', 'please consider running serious sam 2 next time!'),
(-1800935193, -138057783, 'CHIPIN', '1312642575000mojo3q@gmx.de', 'PENDING', 'AMOUNT_READ', 15.00, '2011-08-06 08:56:15', NULL),
(900722188, -1091541284, 'CHIPIN', '1312645433000dylanpetonke@gmail.com', 'PENDING', 'COMMENT_READ', 40.00, '2011-08-06 09:43:53', 'EPSY'),
(-388726725, -1107151035, 'CHIPIN', '1312645280000furky@optonline.net', 'PENDING', 'COMMENT_READ', 10.00, '2011-08-06 09:41:20', 'This is ten dollars for Lunk. Keep up the Incredible work.'),
(564866645, -643225852, 'CHIPIN', '1312645970000chrisvazquez0@gmail.com', 'PENDING', 'COMMENT_READ', 10.00, '2011-08-06 09:52:50', 'Ten bucks for KH2 race! Races are what make marathons GREAT! Keep up the good work SDA'),
(-1398114316, -1627543688, 'CHIPIN', '1312646250000jaredminnihan24@yahoo.com', 'PENDING', 'COMMENT_READ', 15.00, '2011-08-06 09:57:30', 'For funky awesome gameplay on a great game. I''ve really enjoyed the marathon so far. Also put this towards helping KH II catch up, because races are a lot more fun to watch than cutscenes.'),
(199484171, 1094908735, 'CHIPIN', '1312646297000emily.lizzi@yahoo.com', 'PENDING', 'COMMENT_READ', 10.00, '2011-08-06 09:58:17', 'Even though Earl made the tricks harder, this is so worth it. You rock, Arrow! (Also, another $10 towards KH2...)'),
(-1989164990, -63817549, 'CHIPIN', '1312646367000ritterad@yahoo.com', 'PENDING', 'COMMENT_READ', 50.00, '2011-08-06 09:59:27', 'Let''s get "Rane" on the board for LttP. We know it has to happen some time.'),
(546933624, -682245900, 'CHIPIN', '1312647303000kingedgar0@gmail.com', 'PENDING', 'COMMENT_READ', 10.00, '2011-08-06 10:15:03', 'Donating because I love watching Arrow''s runs, and I hate autism. (put this toward KH2 please)'),
(-1886684845, 1071535880, 'CHIPIN', '1312647603000imagesfromapoet@gmail.com', 'PENDING', 'COMMENT_READ', 5.00, '2011-08-06 10:20:03', 'this is for KH2 - it''s also for more arrow love for playing really colorful crazy japanese games :D'),
(1759681644, -1800847140, 'CHIPIN', '1312647808000elaine.simone@gmail.com', 'PENDING', 'COMMENT_READ', 299.99, '2011-08-06 10:23:28', 'For Link to the past name - Lunk'),
(-528283991, -511250315, 'CHIPIN', '1312647845000longrange@azgral.com', 'PENDING', 'COMMENT_READ', 10.00, '2011-08-06 10:24:05', 'Just wanted to say great job on all the hard work to raise money for OAR.'),
(625383860, -1321186005, 'CHIPIN', '1312648055000zer@rylia.net', 'PENDING', 'AMOUNT_READ', 5.00, '2011-08-06 10:27:35', NULL),
(-668733053, 395763787, 'CHIPIN', '1312648300000n_ranta@hotmail.com', 'PENDING', 'COMMENT_READ', 10.00, '2011-08-06 10:31:40', 'Nice prizes you got there. Perfect excuse to give KH2 some love, too. ;-)'),
(1864938008, -1090948535, 'CHIPIN', '1312648355000the1stpkmnfan@hotmail.com', 'PENDING', 'COMMENT_READ', 15.00, '2011-08-06 10:32:35', '5 for the raffle of the Hat and 10 for the triforce raffle'),
(-187778963, 932482495, 'CHIPIN', '1312648394000zevgun@gmail.com', 'PENDING', 'COMMENT_READ', 10.00, '2011-08-06 10:33:14', 'in for the Zelda swag Put this to KH2. Races are infinity more interesting than cutscenes'),
(612016363, -643225852, 'CHIPIN', '1312648408000chrisvazquez0@gmail.com', 'PENDING', 'COMMENT_READ', 10.00, '2011-08-06 10:33:28', 'Another 10 for the KH2 race and all of those sexy sexy Minish Cap goodies! And because Mike is sexy... .'),
(2109330037, 1311505427, 'CHIPIN', '1312648416000rrtycoon2@yahoo.com', 'PENDING', 'COMMENT_READ', 10.00, '2011-08-06 10:33:36', 'It''s a Zelda game, how can you not donate during a Zelda game?'),
(-742452965, 2133549367, 'CHIPIN', '1312648403000mozzazelda@gmail.com', 'PENDING', 'COMMENT_READ', 31.50, '2011-08-06 10:33:23', 'Put this toward LUNK as the name for LttP. Loking forward to the Zelda runs and that Triforce!'),
(1980507955, 1860079105, 'CHIPIN', '1312648473000boyn64@aol.com', 'PENDING', 'COMMENT_READ', 10.00, '2011-08-06 10:34:33', 'I hope I can win either the Minish Cap or the Triforce, because I do possess the three forces: the power to hold a controller for a long time, the Wisdom to donate to charity, and the courage to tell my parents I spent a whole weekend watching you guys.'),
(-1551254575, -546421035, 'CHIPIN', '1312648494000hitakaphoenix@gmail.com', 'PENDING', 'COMMENT_READ', 10.00, '2011-08-06 10:34:54', 'Gotta get in on those Zelda prizes. MercuryZelda''s stuff rules! Put this towards KH2, because cutscenes suck.'),
(-775125552, 1381528341, 'CHIPIN', '1312648538000bjamesboaz@hotmail.com', 'PENDING', 'AMOUNT_READ', 10.00, '2011-08-06 10:35:38', NULL),
(1534896654, -996608574, 'CHIPIN', '1312648565000rjt210@lehigh.edu', 'PENDING', 'COMMENT_READ', 10.00, '2011-08-06 10:36:05', 'In for the awesome prizes, and put this toward KH2!'),
(-150613294, 1993407651, 'CHIPIN', '1312648647000toothache42@gmail.com', 'PENDING', 'COMMENT_READ', 10.00, '2011-08-06 10:37:27', 'Toothache here! Hoping for a chance at the awesome Zelda prizes, this bid is also going to KH2 - because races are neat'),
(240702863, -1584726242, 'CHIPIN', '1312648699000cyberbotx@cyberbotx.com', 'PENDING', 'COMMENT_READ', 20.00, '2011-08-06 10:38:19', 'Need to get into the running for the LoZ prizes. And I guess futilely put this towards Puns again. Maybe it can get some love?'),
(1097683505, -1423978798, 'CHIPIN', '1312648735000weird_al@hotmail.co.uk', 'PENDING', 'COMMENT_READ', 10.00, '2011-08-06 10:38:55', 'Another $10 for LUNK for LTTP.'),
(1108733662, -322840398, 'CHIPIN', '1312648544000bkkcbluesocks@yahoo.com', 'PENDING', 'AMOUNT_READ', 10.00, '2011-08-06 10:35:44', NULL),
(53884566, 745724163, 'CHIPIN', '1312648642000hellotherefriend52@hotmail.com', 'PENDING', 'COMMENT_READ', 10.00, '2011-08-06 10:37:22', 'NXRunner here again, throwing in $10 towards the Triforce and Ezlo cap. Enjoying the whole show a lot, but unfortunately have to go to work, so will have to catch the rest on replay!'),
(455313643, 818846985, 'CHIPIN', '1312648647000todd_crusader@yahoo.com', 'PENDING', 'COMMENT_READ', 10.00, '2011-08-06 10:37:27', 'Thanks for the awesome marathon so far and I''m hoping to see more marathons in the future!'),
(-10580749, 1715695551, 'CHIPIN', '1312648798000cpa.craig@gmail.com', 'PENDING', 'COMMENT_READ', 13.37, '2011-08-06 10:39:58', 'Hiya! Thank you for choosing a worthy cause and a great organization. There is far too much misinformation and fear around Autism (especially concerning the outright fraudulent claims about vaccines), but OAR is a beacon of truth and hope. Keep obliterating the games of my youth and fighting the good fight! - Philip Craig'),
(611026232, 812300436, 'CHIPIN', '1312649251000coolmatt@sorrowind.net', 'PENDING', 'COMMENT_READ', 5.00, '2011-08-06 10:47:31', 'This is for KH2, because races are better than movies.'),
(-1738628277, 1958210318, 'CHIPIN', '1312649330000anarchoelk@gmail.com', 'PENDING', 'COMMENT_READ', 10.00, '2011-08-06 10:48:50', 'Elk from 91.8 The Fan here! Still getting my listeners to tune in and encouraging donations. Great cause, and sweet prizes!'),
(2073518963, 2144560527, 'CHIPIN', '1312649643000demonic.blaze@hotmail.com', 'PENDING', 'COMMENT_READ', 5.00, '2011-08-06 10:54:03', 'Name: Aelius Loving the marathon so far. Giving this $5 for KH2 because Puwexil took that pie like a man.'),
(1172546161, 912954822, 'CHIPIN', '1312649483000spardastonerule@hotmail.com', 'PENDING', 'COMMENT_READ', 20.00, '2011-08-06 10:51:23', 'Hey this is Sparda on the chat, I just want to say what a great thing you guys are doing. I really appreciate your goal and hope it helps further autism research. I also want this to go towards a Kingdom Hearts 2 run. Thank you again.'),
(-743940706, -758330182, 'CHIPIN', '1312649694000ackushner@gmail.com', 'PENDING', 'COMMENT_READ', 12.00, '2011-08-06 10:54:54', 'The Ezlo Cap sounds awesome-- thanks for the entertainment guys, and for working for a great cause. Also, you should totally put this towards KH2 as well.'),
(1274056401, -466940326, 'CHIPIN', '1312649796000vegeta_fan2005@gmx.de', 'PENDING', 'COMMENT_READ', 10.00, '2011-08-06 10:56:36', 'Hey guys. Since I enjoy this marathon so much this is my third donation. You are really doing an awesome job, I really really appreciate it. Kepp up the awesome work and good luck for the last few games of this genious marathon :D Also these 10$ go to Kingdom Hearts 2. Greetings from Germany'),
(749475249, -1675589324, 'CHIPIN', '1312649828000makani@suntemple.org', 'PENDING', 'COMMENT_READ', 25.00, '2011-08-06 10:57:08', 'Here''s too 100% Link to the Past. Great job guys!'),
(479707848, -1394234025, 'CHIPIN', '1312649845000aneeslol@gmail.com', 'PENDING', 'COMMENT_READ', 10.00, '2011-08-06 10:57:25', 'One day I played through this entire game in one day, except for the final boss, thinking I would finish it the next day. Except I found out the next day that my save file got corrupted, so I never finished it. So, thanks to Raen for giving me some redemption!'),
(876062710, 1451411832, 'CHIPIN', '1312649847000zdadr.dem@gmx.de', 'PENDING', 'COMMENT_READ', 10.00, '2011-08-06 10:57:27', 'Great runs. I especially enjoyed the Shadow of the Colossus run.'),
(-762105596, 360322573, 'CHIPIN', '1312649850000lizzie241@gmail.com', 'PENDING', 'COMMENT_READ', 11.67, '2011-08-06 10:57:30', 'Awsome summer marathon, everybody is doing a great job. Hopefully donating during a zelda game will increase my luck for a zelda game. Also hope to see KH2 make a come back.'),
(-35360912, -251021241, 'CHIPIN', '1312650250000mrzeebub@gmail.com', 'PENDING', 'COMMENT_READ', 10.00, '2011-08-06 11:04:10', 'Great runs, as always, guys. Couldn''t resist those Zelda prizes. Keep up the good work.'),
(-1248526085, -1794793935, 'CHIPIN', '1312650317000lina.inverse.zero@gmail.com', 'PENDING', 'COMMENT_READ', 10.00, '2011-08-06 11:05:17', 'Look at these literally pro speedrunners running the most glorious games, also put it towards KH2'),
(85673961, 615062621, 'CHIPIN', '1312650893000ellvino@gmail.com', 'PENDING', 'COMMENT_READ', 20.00, '2011-08-06 11:14:53', 'Keep up the fun!!'),
(-1374781765, 213209403, 'CHIPIN', '1312651326000jefferlope@yahoo.com', 'PENDING', 'COMMENT_READ', 5.00, '2011-08-06 11:22:06', 'An actual Elzo cap?! I HAVE to donate again for that! Oh, and the charity. Keep up the great work guys! ~Jefferlope'),
(1275793345, -153979199, 'CHIPIN', '1312651334000samuel.bateman@gmail.com', 'PENDING', 'COMMENT_READ', 10.00, '2011-08-06 11:22:14', 'Keep up the good work guys. Speed running all these games is no small feat.'),
(-1969904388, -1417490770, 'CHIPIN', '1312651442000tom.hughes-7@hotmail.co.uk', 'PENDING', 'COMMENT_READ', 10.00, '2011-08-06 11:24:02', 'You guys are a amazing and i really want that triforce so i have the power and this for KH2.'),
(-1536850379, -582112581, 'CHIPIN', '1312651427000jplovanic0@hotmail.com', 'PENDING', 'COMMENT_READ', 10.00, '2011-08-06 11:23:47', 'Been fun watching the marathon. Keep up the good work everybody.'),
(-1099977622, -16777381, 'CHIPIN', '1312651525000brolis@gmail.com', 'PENDING', 'COMMENT_READ', 25.00, '2011-08-06 11:25:25', 'Hey Guys! Glad I could catch the marathon in real time this time. Have 25 bucks. Arrow, please do a little dance.'),
(-1676418966, 1008030723, 'CHIPIN', '1312651950000vogt@cs.ualberta.ca', 'PENDING', 'COMMENT_READ', 20.00, '2011-08-06 11:32:30', 'For this $20 donation, please put $10 towards KH1 and $10 towards KH2, so everyone feels loved :) --Poxnor'),
(-53211271, 1439625177, 'CHIPIN', '1312651730000matthew.t.bryant@hotmail.com', 'PENDING', 'COMMENT_READ', 10.00, '2011-08-06 11:28:50', 'It''s really cool what you guys are doing. My screen name is Matt23488. I guess I''m donating for A Link To the Past.'),
(153231203, -63817549, 'CHIPIN', '1312652647000ritterad@yahoo.com', 'PENDING', 'COMMENT_READ', 25.00, '2011-08-06 11:44:07', '100% LttP needs a little more insurance. Let''s boost it!'),
(-596087128, 1452405338, 'CHIPIN', '1312653325000mike89_mkscelite@hotmail.com', 'PENDING', 'COMMENT_READ', 3.00, '2011-08-06 11:55:25', 'This money comes out of the money I''m still being paid despite not being at work right now! I thought it was going to put us over the donation goal but I suck at reading.'),
(-13082593, -1848182435, 'CHIPIN', '1312653499000kingzog@gmail.com', 'PENDING', 'COMMENT_READ', 22.22, '2011-08-06 11:58:19', 'Keep up the awesome gaming guys. Put this towards Puns for ALTTP, I don''t want that name falling two far behind'),
(1631026515, 498442835, 'CHIPIN', '1312653572000timirowski@cox.net', 'PENDING', 'COMMENT_READ', 10.00, '2011-08-06 11:59:32', 'Hey guys, thank you so much for doing this again. I''m hoping I can be a part of the next marathon, but for now I''ll just donate. Looking forward to the KH run if I''m not working during that time.'),
(-88888727, 1681245842, 'CHIPIN', '1312653620000eric.c.glaeser@gmail.com', 'PENDING', 'COMMENT_READ', 10.00, '2011-08-06 12:00:20', 'KH2 It would be awesome to see that race!'),
(-1091645044, 1576464611, 'CHIPIN', '1312653425000puwexil@hotmail.com', 'PENDING', 'COMMENT_READ', 20.00, '2011-08-06 11:57:05', 'In for plushies/perlers, making KH2 more competitive, and supporting autism research!'),
(-2023168511, -1736284257, 'CHIPIN', '1312653798000dhammond08@gmail.com', 'PENDING', 'COMMENT_READ', 20.00, '2011-08-06 12:03:18', '$20 for Kingdom Hearts 2 ftw'),
(1045544110, 498442835, 'CHIPIN', '1312654098000timirowski@cox.net', 'PENDING', 'COMMENT_READ', 5.00, '2011-08-06 12:08:18', 'Sorry guys, I meant KH1. You guys are my alternative to TV this weekend. Keep up the great work!'),
(-545613182, -928409741, 'CHIPIN', '1312654161000e.m.hibbs@gmail.com', 'PENDING', 'COMMENT_READ', 10.09, '2011-08-06 12:09:21', 'No, any%, I see you trying to creep up on 100%. Get $500 down, where you belong. Great MC run so far.'),
(466024817, -215143334, 'CHIPIN', '1312654329000fouressentia@yahoo.com', 'PENDING', 'COMMENT_READ', 20.00, '2011-08-06 12:12:09', 'Put this towards KH2! -Essentia'),
(-1526585055, -1539437719, 'CHIPIN', '1312655309000shahmehdi327@gmail.com', 'PENDING', 'COMMENT_READ', 10.00, '2011-08-06 12:28:29', 'Putting this for KH2 And hopefully I win that Triforce, looks awesome!'),
(-250142076, -579065678, 'CHIPIN', '1312655344000fuzzmosis@hotmail.com', 'PENDING', 'COMMENT_READ', 20.00, '2011-08-06 12:29:04', 'No Comment!'),
(-1987599403, 1135009388, 'CHIPIN', '1312655346000rizukomesu@gmail.com', 'PENDING', 'COMMENT_READ', 10.00, '2011-08-06 12:29:06', 'Seeing all of these glitches for Minish Cap is pretty awesome. :) You guys are doing great work and you should be proud. Put $5 towards final dungeon glitches and $5 towards KHII please? I''d love to see the race with all bosses (save for the obvious, that''d just be cruel)! Again, you guys rock. - Rizu'),
(-606463582, -1884180870, 'CHIPIN', '1312655388000erzengel13@gmail.com', 'PENDING', 'COMMENT_READ', 15.00, '2011-08-06 12:29:48', 'ArchAngelXIII in the chat. Putting this $15 towards KH2 and Tanq and Dessy saving the critters in Super Metroid.'),
(12678108, 1424011943, 'CHIPIN', '1312655510000tylermacintosh@gmail.com', 'PENDING', 'COMMENT_READ', 3.00, '2011-08-06 12:31:50', 'My friends and I would like to donate the rest of my paypal account in order to give our admiration for the man on the back right. No not the stripe shirt guy on the left, the white shirt guy on our right. We can always depend on him to be there and it gives us hope. Keep up the good work.'),
(-328157931, 1322571510, 'CHIPIN', '1312656031000angel.mccleery@gmail.com', 'PENDING', 'AMOUNT_READ', 20.00, '2011-08-06 12:40:31', NULL),
(1035207295, -1002328940, 'CHIPIN', '1312656306000bahamutssidekick@hotmail.com', 'PENDING', 'AMOUNT_READ', 3.00, '2011-08-06 12:45:06', NULL),
(-1544255687, -1392172865, 'CHIPIN', '1312656600000gojeran@hotmail.com', 'PENDING', 'AMOUNT_READ', 15.00, '2011-08-06 12:50:00', NULL),
(-569019670, -947559352, 'CHIPIN', '1312655466000therealhdl@gmail.com', 'PENDING', 'COMMENT_READ', 10.00, '2011-08-06 12:31:06', 'Great marathon! Keep promoting skillful play and philanthropy. I wish I had more money so I can contribute more, but hopefully this small amount can help improve the quality someone''s life out there.'),
(2060606082, -1584726242, 'CHIPIN', '1312657119000cyberbotx@cyberbotx.com', 'PENDING', 'COMMENT_READ', 30.00, '2011-08-06 12:58:39', 'Put this towards KH2. I''ve not played any of the KH games (please don''t hate me, I don''t own a PS2) but a race seems more interesting to me.'),
(1240826563, 2055446568, 'CHIPIN', '1312657375000scintilliasd@gmail.com', 'PENDING', 'COMMENT_READ', 5.00, '2011-08-06 13:02:55', 'Awesome job guys, keep it up. I''ve been watching from work and from home pretty much all night. Also, let''s put this $5 towards Kingdom Hearts 1!'),
(1222056292, 1860079105, 'CHIPIN', '1312657741000boyn64@aol.com', 'PENDING', 'COMMENT_READ', 5.00, '2011-08-06 13:09:01', 'Hey romscout, I fell asleep before Birthy by Sleep. Can you tell me what happened?'),
(-1980407351, 1004290714, 'CHIPIN', '1312658184000kennyroos@juno.com', 'PENDING', 'COMMENT_READ', 277.00, '2011-08-06 13:16:24', 'Think that puts us over. Put $276 to KH1 and 1 to any% ALTTP'),
(-1137784356, 855004242, 'CHIPIN', '1312658302000hellprowler@gmail.com', 'PENDING', 'COMMENT_READ', 10.00, '2011-08-06 13:18:22', 'Great job on the marathon, put me down for the KH2 race, keep it up!'),
(-1148157209, 2006118671, 'CHIPIN', '1312658313000loiosh@gmail.com', 'PENDING', 'COMMENT_READ', 75.00, '2011-08-06 13:18:33', 'KH2 run donation'),
(-1625306590, -699937880, 'CHIPIN', '1312658000000ericstickney@comcast.net', 'PENDING', 'COMMENT_READ', 10.00, '2011-08-06 13:13:20', 'KH2 race all the way! Also, need more lady runners! Nerd sausage fest for the loss!'),
(-837859789, 1529442803, 'CHIPIN', '1312658120000mjlekon@gmail.com', 'PENDING', 'COMMENT_READ', 100.00, '2011-08-06 13:15:20', 'For the Kingdom Hearts 2 race.'),
(979980097, 1579122000, 'CHIPIN', '1312658317000joragan@gmail.com', 'PENDING', 'COMMENT_READ', 50.00, '2011-08-06 13:18:37', 'Thanks for the awesome runs; it''s always fun to watch games I love get taken apart!'),
(-1658706386, 1054311546, 'CHIPIN', '1312658444000margol@jawnet.pl', 'PENDING', 'COMMENT_READ', 20.00, '2011-08-06 13:20:44', 'I pay because I like Mik Uyama runs in Metal Slug. And that is why I wanted to live greetings:). Hey. Paul Margol in POLAND'),
(751144978, 2006118671, 'CHIPIN', '1312658662000loiosh@gmail.com', 'PENDING', 'COMMENT_READ', 300.00, '2011-08-06 13:24:22', 'All of it to KH2, plus my earlier 75, please.'),
(-709448968, -1892722779, 'CHIPIN', '1312658675000roelofskev@gmail.com', 'PENDING', 'COMMENT_READ', 10.00, '2011-08-06 13:24:35', 'Toy boat Toy boat Toy boat Toy boat Toy boat Also KH2'),
(1415787547, 828910168, 'CHIPIN', '1312658778000kyle_halversen@hotmail.com', 'PENDING', 'AMOUNT_READ', 15.00, '2011-08-06 13:26:18', NULL),
(1952691612, 912954822, 'CHIPIN', '1312658798000spardastonerule@hotmail.com', 'PENDING', 'COMMENT_READ', 20.00, '2011-08-06 13:26:38', 'This is for KH 2, and of course the great cause you guys are raising money for. Congratulations on breaking your goal!'),
(547703877, -1636758872, 'CHIPIN', '1312659415000a08fresv@his.student.se', 'PENDING', 'COMMENT_READ', 1.00, '2011-08-06 13:36:55', 'Shout out from sweden, keep up the good work. Eh, put the one dollar on Rygert on LTTP, just like hearing that name! Fredrik Andreas Svensson'),
(-1540800568, 1860079105, 'CHIPIN', '1312660073000boyn64@aol.com', 'PENDING', 'COMMENT_READ', 5.00, '2011-08-06 13:47:53', 'Suggestion for next marathon: Bidding War between Super Metroid and Metroid Prime.'),
(470501384, 653358858, 'CHIPIN', '1312660625000mcbrauns@gmail.com', 'PENDING', 'COMMENT_READ', 20.00, '2011-08-06 13:57:05', 'KH 2 Please. Keep up the great work.'),
(-1117102358, 1207016868, 'CHIPIN', '1312660655000aleck47@ymail.com', 'PENDING', 'COMMENT_READ', 10.00, '2011-08-06 13:57:35', '(pronounced "keen") Another donation to get in on the prize action. A LUNK to the Past is a personal favorite and 100% runs rule. Also to KH2, even though I''m not a racist.'),
(2124719890, -1336594992, 'CHIPIN', '1312660673000russguy@gmail.com', 'PENDING', 'COMMENT_READ', 90.00, '2011-08-06 13:57:53', '(duckfist): This is for the awesome glass triforce, and for the spikevegeta vs. puwexil KH2 clash of the titans.'),
(-578587095, 1311505427, 'CHIPIN', '1312660739000rrtycoon2@yahoo.com', 'PENDING', 'COMMENT_READ', 10.00, '2011-08-06 13:58:59', 'It''s another Zelda game, who wouldn''t donate during another Zelda game. Also, 10 toward KH2, just for the heck of it.'),
(-548059242, 2133549367, 'CHIPIN', '1312660785000mozzazelda@gmail.com', 'PENDING', 'COMMENT_READ', 10.00, '2011-08-06 13:59:45', 'Put this toward KH2.'),
(287484715, 980622123, 'CHIPIN', '1312660623000kuhlgamer_2k@hotmail.com', 'PENDING', 'COMMENT_READ', 15.00, '2011-08-06 13:57:03', 'hey guys great runs thus far finally putting in my money since its lttp time and i want my donation to go towards KH2 extra content great job'),
(-1247475006, -1584726242, 'CHIPIN', '1312660845000cyberbotx@cyberbotx.com', 'PENDING', 'COMMENT_READ', 10.00, '2011-08-06 14:00:45', 'Want the treasure chest perler, and might as well add this to KH2 to help it out.'),
(-80854943, -1536307313, 'CHIPIN', '1312660929000legendofmana@imamyth.com', 'PENDING', 'COMMENT_READ', 10.00, '2011-08-06 14:02:09', 'Donating to KH2 because races are cool. See you all at AGDQ2!'),
(-1281572133, -996608574, 'CHIPIN', '1312661007000rjt210@lehigh.edu', 'PENDING', 'COMMENT_READ', 5.00, '2011-08-06 14:03:27', 'Been looking forward to this run! In for the perler because it''s awesome. Also put this towards KH2 because I like bandwagon donating.'),
(405393325, 413565912, 'CHIPIN', '1312661067000jhoul@live.com', 'PENDING', 'AMOUNT_READ', 10.00, '2011-08-06 14:04:27', NULL),
(-414201119, -1278524103, 'LOCAL', '-414201119', 'PENDING', 'COMMENT_READ', 10.00, '2011-08-06 14:06:39', ''),
(-1980140863, -1423644876, 'CHIPIN', '1312660884000fyeree@gmail.com', 'PENDING', 'COMMENT_READ', 10.00, '2011-08-06 14:01:24', 'I hope the full 10 goes through, I had to use an old pre-payed visa after donating last night... BUT I WANT THAT TRIFORCE! P.S. KH2 but can you play simple and clean at one point.'),
(978877444, -968938937, 'CHIPIN', '1312660939000valiuse@yahoo.com', 'PENDING', 'COMMENT_READ', 20.00, '2011-08-06 14:02:19', 'Thanks for running awesome games and doing a great job the last two days. Two things. One, ask Reaif if he got the package I sent him, and two, put this towards KH1 (devils advocate here).'),
(181265078, -1890657987, 'CHIPIN', '1312660958000halamantariel@hotmail.com', 'PENDING', 'COMMENT_READ', 20.00, '2011-08-06 14:02:38', 'Awesome marathon so far! Also, good luck Dessyreqt on your Super Metroid race later. I''ll be watching ''till the end!'),
(-1518478085, 1666952760, 'CHIPIN', '1312661016000dave@davidkosub.com', 'PENDING', 'COMMENT_READ', 5.00, '2011-08-06 14:03:36', 'We have had a debate for a long time about this in our mumble. Do you guys call it a chicken burger or a chicken patty? Keep in mind that the chicken is INSIDE of a bun. Chicken sandwich is not an option. Thanks.'),
(-335913507, 213209403, 'CHIPIN', '1312661118000jefferlope@yahoo.com', 'PENDING', 'COMMENT_READ', 10.00, '2011-08-06 14:05:18', 'Here''s 10 more dollars for that awesome triforce! And let''s put this towards KH2, because why not.'),
(933860716, 260354380, 'CHIPIN', '1312661221000bezektj@gmail.com', 'PENDING', 'AMOUNT_READ', 5.00, '2011-08-06 14:07:01', NULL),
(1858701177, -172651292, 'CHIPIN', '1312661240000kimearntsen@gmail.com', 'PENDING', 'AMOUNT_READ', 10.00, '2011-08-06 14:07:20', NULL),
(1759503908, -63817549, 'CHIPIN', '1312661275000ritterad@yahoo.com', 'PENDING', 'COMMENT_READ', 25.00, '2011-08-06 14:07:55', 'Reaif is my favorite! Also, thanks for fixing the spelling on the stream.'),
(754542458, -1844715953, 'CHIPIN', '1312661121000bam_321@hotmail.com', 'PENDING', 'COMMENT_READ', 10.00, '2011-08-06 14:05:21', 'Great runs, guys. Hoping for some LttP swag. Another 10 bucks for KH2 as well.'),
(1256425254, 175982536, 'CHIPIN', '1312661155000daigotsu@hawaii.rr.com', 'PENDING', 'COMMENT_READ', 10.00, '2011-08-06 14:05:55', 'Have been a fan of SDA for years. Good luck with your ALTTP run.'),
(342467650, -616824464, 'CHIPIN', '1312661460000mike_ckd@hotmail.co.uk', 'PENDING', 'COMMENT_READ', 10.00, '2011-08-06 14:11:00', 'Triforce!'),
(386517818, 812300436, 'CHIPIN', '1312661624000coolmatt@sorrowind.net', 'PENDING', 'COMMENT_READ', 5.00, '2011-08-06 14:13:44', 'Put this to KH2 because I am a race-ist. Get it? GET IT? Nice marathon guys!'),
(-1826714514, -1866868635, 'CHIPIN', '1312661551000stuart.grieve@gmail.com', 'PENDING', 'COMMENT_READ', 20.00, '2011-08-06 14:12:31', 'Lttp is the highlight of any marathon, keep up the great work!'),
(2146984443, 238717959, 'CHIPIN', '1312661614000mobiusyellow_13@yahoo.com', 'PENDING', 'COMMENT_READ', 5.00, '2011-08-06 14:13:34', '$5.00 for chicken burger, a patty is the piece of meat, not the sandwich.'),
(-606349112, 832625566, 'CHIPIN', '1312661620000blaiko@aol.com', 'PENDING', 'COMMENT_READ', 10.00, '2011-08-06 14:13:40', 'KH 2 Race! Looking forward to the next marathon :)'),
(1586491059, 265020014, 'CHIPIN', '1312661716000stone__golem@hotmail.com', 'PENDING', 'COMMENT_READ', 10.00, '2011-08-06 14:15:16', 'Awsome runs guys, even if i did miss most of it due to work :('),
(-2079627975, -1476178364, 'LOCAL', '-2079627975', 'PENDING', 'COMMENT_READ', 100.00, '2011-08-06 14:20:10', ''),
(1402360866, -1483065541, 'CHIPIN', '1312661682000matthewciii@hotmail.com', 'PENDING', 'COMMENT_READ', 20.00, '2011-08-06 14:14:42', 'I love SDA. It''s great to see your talents benefiting a good cause. Another $20 for KH2.'),
(-898241355, -654639149, 'CHIPIN', '1312661918000rodneyb221@excite.com', 'PENDING', 'COMMENT_READ', 5.00, '2011-08-06 14:18:38', 'This $5 is for the best Lanmolas fight I''ve seen live. Great job!'),
(1568840901, -1748321029, 'CHIPIN', '1312661882000jrv77673@bethel.edu', 'PENDING', 'COMMENT_READ', 10.00, '2011-08-06 14:18:02', 'SDA, you guys are awesome! Keep up the good work and keep on running.'),
(1113241451, -1845769901, 'CHIPIN', '1312662130000beamrup@aol.com', 'PENDING', 'COMMENT_READ', 5.00, '2011-08-06 14:22:10', '2.50 for kingdom hearts and 2.50 for patty :)'),
(-636212701, 566224034, 'CHIPIN', '1312662128000andrewleger98@yahoo.com', 'PENDING', 'COMMENT_READ', 2.00, '2011-08-06 14:22:08', 'FYI: It''s a chicken Patty. See Picture: http://multivu.prnewswire.com/mnr/tyson/35189/images/35189-hi-PattyBox.jpg -Dekar930'),
(1234381619, 44488571, 'CHIPIN', '1312662284000doggieking_7@hotmail.com', 'PENDING', 'COMMENT_READ', 2.00, '2011-08-06 14:24:44', '$2 for chicken patty also shoutout to ssj legolas azn kittens and nascar'),
(-1892693263, 1207016868, 'CHIPIN', '1312662330000aleck47@ymail.com', 'PENDING', 'COMMENT_READ', 10.00, '2011-08-06 14:25:30', '("keen") Awesome boss destruction. I had the spindash thing happen to me once with one hit to go. I then got knocked off. Also, I wants me a chikin sammich!'),
(-1111566048, 1291620624, 'CHIPIN', '1312662463000joshuajnepa@gmail.com', 'PENDING', 'COMMENT_READ', 50.00, '2011-08-06 14:27:43', 'Yesterday, there was guy who had a pi shirt. Where did he get that? I want one!!!'),
(-1948448541, -616824464, 'CHIPIN', '1312662512000mike_ckd@hotmail.co.uk', 'PENDING', 'COMMENT_READ', 10.67, '2011-08-06 14:28:32', 'Filet o'' Fish! Meal of CHAMPIONS.'),
(-1825936417, -1848182435, 'CHIPIN', '1312662533000kingzog@gmail.com', 'PENDING', 'COMMENT_READ', 100.00, '2011-08-06 14:28:53', 'A hamburger is made out of ground beef, not "hamburger" meat. That''s why it''s a bison burger, a turkey burger, and a CHICKEN BURGER'),
(-932175299, 1311505427, 'CHIPIN', '1312662577000rrtycoon2@yahoo.com', 'PENDING', 'COMMENT_READ', 2.04, '2011-08-06 14:29:37', 'Here''s $1.99 + tax for the Chicken BURGER I buy every week.'),
(-1454547962, 279877921, 'CHIPIN', '1312662545000spkelly@alumni.cmu.edu', 'PENDING', 'COMMENT_READ', 50.00, '2011-08-06 14:29:05', 'Supermarkets sell ground turkey/chicken for proper burgers/patties, otherwise it''s just a filet. Since filet isn''t an option, put this on KH1 just to keep things less uninteresting.'),
(-1064501760, -1845769901, 'CHIPIN', '1312662698000beamrup@aol.com', 'PENDING', 'COMMENT_READ', 2.00, '2011-08-06 14:31:38', 'Gotta donate another $2 for Patty, Dont think Patty Mayonnaise from Doug would like being called Burger Mayonnaise'),
(-574592464, 1993407651, 'CHIPIN', '1312662745000toothache42@gmail.com', 'PENDING', 'COMMENT_READ', 5.00, '2011-08-06 14:32:25', 'Toothache here. The real answer is BACON!'),
(1725963941, 897006664, 'CHIPIN', '1312662737000rundrown@hotmail.com', 'PENDING', 'COMMENT_READ', 20.01, '2011-08-06 14:32:17', 'Gratz on sub-32 dark world! Also, 10 dollars towards the triforce, 10 towards the 3DS and 1 cent towards the patty!'),
(-825400844, 711581447, 'CHIPIN', '1312662802000thomasleonmallory@hotmail.com', 'PENDING', 'COMMENT_READ', 10.00, '2011-08-06 14:33:22', 'What about a Big Kahuna Burger?'),
(-314917404, -1929818296, 'LOCAL', '-314917404', 'PENDING', 'COMMENT_READ', 10.00, '2011-08-06 14:44:21', ''),
(1201757130, 604955471, 'CHIPIN', '1312662885000swinginfiend@hotmail.com', 'PENDING', 'COMMENT_READ', 5.00, '2011-08-06 14:34:45', 'My donation goes for the new category of "Poultry Puck"'),
(669572585, -1923736452, 'CHIPIN', '1312663074000jason_thompson@insightbb.com', 'PENDING', 'COMMENT_READ', 10.00, '2011-08-06 14:37:54', 'For the awesome Moldorm fight and the first round treasure field heart piece. Getting in on the prize action, and put this towards the epicness of the KH2 race.'),
(-69662193, -1451389776, 'CHIPIN', '1312663110000jockolanty@gmail.com', 'PENDING', 'COMMENT_READ', 5.00, '2011-08-06 14:38:30', '"Hey, listen!" That stained glass Tri-Force is just too sexy to resist. Thanks for a great charity stream, SDA! It''s been a grand time! Here''s to more successful events in the future.'),
(-417553244, -314745241, 'CHIPIN', '1312663119000mcjonteboy@yahoo.se', 'PENDING', 'COMMENT_READ', 10.00, '2011-08-06 14:38:39', 'A link to the past is the best 2D game ever, and I still remember me and my dad playing it when I was young. Thank you for another great marathon, always fun to watch.'),
(-882212757, 812300436, 'CHIPIN', '1312663153000coolmatt@sorrowind.net', 'PENDING', 'COMMENT_READ', 10.00, '2011-08-06 14:39:13', '$10 for a request (perhaps start a trend!): Tell me your best joke, don''t care who! Maybe suggest others donate $10 to hear a joke as well!'),
(-1952761805, -1539437719, 'CHIPIN', '1312663215000shahmehdi327@gmail.com', 'PENDING', 'COMMENT_READ', 10.00, '2011-08-06 14:40:15', 'Chicken chicken chicken (burger)'),
(1906747327, 175982536, 'CHIPIN', '1312663416000daigotsu@hawaii.rr.com', 'PENDING', 'COMMENT_READ', 5.00, '2011-08-06 14:43:36', 'I''m pretty cheap, but that dig game deserves something. RNG ftw.'),
(25192933, 298916383, 'CHIPIN', '1312663294000ianscott18@hotmail.co.uk', 'PENDING', 'COMMENT_READ', 10.00, '2011-08-06 14:41:34', '10$? Why the hell not?'),
(-1893890616, 1141355916, 'CHIPIN', '1312663372000zallard1@gmail.com', 'PENDING', 'COMMENT_READ', 10.00, '2011-08-06 14:42:52', 'I felt it was mandatory to donate for the luckiest digging game piece of heart ever in lttp'),
(-400321559, -931872383, 'CHIPIN', '1312663430000josh.milewski@gmail.com', 'PENDING', 'COMMENT_READ', 10.00, '2011-08-06 14:43:50', '"Treasure chest perler, Link and Ganon illustration, and a Stained Glass Triforce" Am I entered to win any of these? . And can I also put this towards Chikin Sammich!?'),
(-1005553236, 1134340142, 'CHIPIN', '1312662924000cakes224@aol.com', 'PENDING', 'COMMENT_READ', 10.00, '2011-08-06 14:35:24', '10 dollars for KH2 and to try for that awesome glass Triforce. You guys are doing an amazing thing, keep it up! Congrats on breaking 16K!'),
(-1811824171, -1609081004, 'CHIPIN', '1312663062000rogast2@hotmail.com', 'PENDING', 'COMMENT_READ', 15.00, '2011-08-06 14:37:42', 'Here you go :* can you guys give a shout out to my man patrick? triforce gogo :D'),
(-1556115398, 59171629, 'CHIPIN', '1312663466000adamkuczynski@gmail.com', 'PENDING', 'COMMENT_READ', 10.00, '2011-08-06 14:44:26', 'You guys should be discussing less ''petty'' things than the ''patty'' versus ''burger'' thing. (Get it?) It''s clearly ''burger''. If you think differently, you don''t know anything about video games.'),
(1502134270, -262798819, 'CHIPIN', '1312663629000vincent.vandeemter@gmail.com', 'PENDING', 'COMMENT_READ', 10.00, '2011-08-06 14:47:09', 'Hey guys! Awesome runs so far, been watching pretty much the entire marathon. Would like to put my donation towards Poultry Puck as well.'),
(1257485378, -1413510219, 'CHIPIN', '1312664067000lynxx_xvi@yahoo.com', 'PENDING', 'COMMENT_READ', 10.00, '2011-08-06 14:54:27', 'I get 2 jokes with $10 right? :)'),
(2043888692, -1256465749, 'CHIPIN', '1312664058000purpledragonlord@hotmail.com', 'PENDING', 'COMMENT_READ', 10.00, '2011-08-06 14:54:18', '3rd Donation towards the new goal of $20,000. Putting my $10 in for a shot at the glass Triforce and defeating autism. Excellent play on all fronts and congrats on the quick kill on Blind. Power went out for 30 seconds and between rebooting and reloading I missed most of the first 4 dungeons in the Dark World, a true speed run. Good luck to all and btw its a chicken sandwich or fillet, not a burger.'),
(-30465046, -579065678, 'CHIPIN', '1312664312000fuzzmosis@hotmail.com', 'PENDING', 'COMMENT_READ', 10.00, '2011-08-06 14:58:32', 'Lunk on Steroids apparently ruins his own armour.'),
(546466808, -1346272426, 'CHIPIN', '1312664343000colin.clark@hotmail.de', 'PENDING', 'AMOUNT_READ', 10.00, '2011-08-06 14:59:03', NULL),
(-1559900084, 152232261, 'CHIPIN', '1312664398000antti-tuomisto@hotmail.com', 'PENDING', 'COMMENT_READ', 15.00, '2011-08-06 14:59:58', 'Best run of the marathon. Period.'),
(2056733610, 343075313, 'CHIPIN', '1312664350000thomas.rjones@yahoo.com', 'PENDING', 'AMOUNT_READ', 20.00, '2011-08-06 14:59:10', NULL),
(-501153298, -1636758872, 'CHIPIN', '1312664491000a08fresv@his.student.se', 'PENDING', 'COMMENT_READ', 10.00, '2011-08-06 15:01:31', 'Rygert says: This is the god damn best 100% run I have ever seen!'),
(613265615, -822958130, 'CHIPIN', '1312664680000nanite@frontiernet.net', 'PENDING', 'COMMENT_READ', 10.00, '2011-08-06 15:04:40', 'Great marathon guys! Put this toward chicken patty.'),
(1743891806, -466685176, 'CHIPIN', '1312665175000alueckner76@gmail.com', 'PENDING', 'COMMENT_READ', 10.00, '2011-08-06 15:12:55', 'I got back early from a wedding to watch more speedruns. 10$ for chicken burger. I love you guys. Keep up the great work!'),
(-1096766927, -647898964, 'CHIPIN', '1312665140000tomatogoatee@gmail.com', 'PENDING', 'COMMENT_READ', 100.00, '2011-08-06 15:12:20', 'It''s chikin sammich! Don''t you guys have Chick fil-a''s there?'),
(587665111, 1666952760, 'CHIPIN', '1312665443000dave@davidkosub.com', 'PENDING', 'COMMENT_READ', 1.00, '2011-08-06 15:17:23', 'This is for chicken burger. Also sandwich is not a choice; it HAS to be burger vs patty. Or puck.'),
(1055572267, -647898964, 'CHIPIN', '1312665501000tomatogoatee@gmail.com', 'PENDING', 'COMMENT_READ', 50.00, '2011-08-06 15:18:21', 'No, it''s chikin sammich! Get it right!'),
(-1638006898, -403339124, 'CHIPIN', '1312665432000mattstankey@gmail.com', 'PENDING', 'COMMENT_READ', 10.00, '2011-08-06 15:17:12', 'Awesome run so far Reaif, keep it up. You''re doing a great job considering all the chicken talk going on.'),
(-1547003476, 231604825, 'CHIPIN', '1312665715000rsteele578@gmail.com', 'PENDING', 'COMMENT_READ', 10.00, '2011-08-06 15:21:55', 'Chicken *BURGER* obviously. come on guys.'),
(1335962610, 963068741, 'CHIPIN', '1312665928000indykenobi@gmail.com', 'PENDING', 'COMMENT_READ', 10.00, '2011-08-06 15:25:28', 'Keep up the good work!'),
(-2040475736, 1562511742, 'CHIPIN', '1312665881000xami_3@msn.com', 'PENDING', 'COMMENT_READ', 2.00, '2011-08-06 15:24:41', 'Please pan the commentary camera around the room to show how packed it is.'),
(-157073333, 1094908735, 'CHIPIN', '1312666127000emily.lizzi@yahoo.com', 'PENDING', 'COMMENT_READ', 10.00, '2011-08-06 15:28:47', 'This Link to the Past run is amazing. You rock, Reaif!'),
(-940675184, 1682700890, 'CHIPIN', '1312666264000a.beingessner@gmail.com', 'PENDING', 'COMMENT_READ', 25.00, '2011-08-06 15:31:04', 'It''s a chicken burger if and ONLY if it is breaded. Otherwise it is called a waste-of-my-goddamn-time.'),
(33375079, -1256465749, 'CHIPIN', '1312666777000purpledragonlord@hotmail.com', 'PENDING', 'COMMENT_READ', 1.00, '2011-08-06 15:39:37', 'After this marathon Nintendo''s going to need to make a LUNK counterpart to Link, like Wario to Mario. And I say, I say, it is a chicken sandwich!'),
(599533160, -300338076, 'CHIPIN', '1312666765000carotbotom@yahoo.com', 'PENDING', 'COMMENT_READ', 4.20, '2011-08-06 15:39:25', 'I would like to thank this stream and its viewers for their support of the Chicken Burger and Autism Research. Please put this donation towards the correct choice in the argument, which is obviously the chicken burger. Thank you for your time. We have fun.'),
(257149323, -2147289003, 'CHIPIN', '1312667258000joelinssen@yahoo.com', 'PENDING', 'COMMENT_READ', 10.00, '2011-08-06 15:47:38', 'Don''t save the animals.'),
(971277997, -616824464, 'CHIPIN', '1312667267000mike_ckd@hotmail.co.uk', 'PENDING', 'COMMENT_READ', 13.76, '2011-08-06 15:47:47', 'CHICKEN DIPPERRRRRRRRRRRRRRS! But I''d like to put my money on Burger.'),
(400513861, -1777662974, 'CHIPIN', '1312667356000mshipstertrash@gmail.com', 'PENDING', 'COMMENT_READ', 1.00, '2011-08-06 15:49:16', 'stand up glitch, screw the animals, chicken burger. Large_Dildo is I posting from ban land. :'),
(1570044589, 334747921, 'CHIPIN', '1312667512000m.r.uttaro@gmail.com', 'PENDING', 'COMMENT_READ', 10.00, '2011-08-06 15:51:52', 'Awesome run, Reaif! Here''s my last minute donation for a chance at those prizes!'),
(367527368, -682245900, 'CHIPIN', '1312667691000kingedgar0@gmail.com', 'PENDING', 'COMMENT_READ', 10.00, '2011-08-06 15:54:51', 'Great run! (Please put this toward KH2)'),
(1398202927, -506728052, 'CHIPIN', '1312667703000nickkahoshi@gmail.com', 'PENDING', 'COMMENT_READ', 10.00, '2011-08-06 15:55:03', 'For a great LTTP run, and chicken burgers.'),
(1600361904, -1627543688, 'CHIPIN', '1312667546000jaredminnihan24@yahoo.com', 'PENDING', 'COMMENT_READ', 20.00, '2011-08-06 15:52:26', 'Brilliant LttP run; I enjoyed every minute of it. I''m really looking forward to Super Metroid 100%, as it was the game that got me into speedrunning in the first place with Red Scarlet''s 0:55. That said, for every minute below 55 on the clear time per runner, I''ll donate $5. Also, this donation is for stand-up glitch MB fight.'),
(-793336793, 817954523, 'CHIPIN', '1312667723000kennet.j@hotmail.com', 'PENDING', 'COMMENT_READ', 10.00, '2011-08-06 15:55:23', 'My last donation for this marathon (I''ll be in the Metroid drawing if I missed the Zelda one right :P). Hopefully I''ll have a job next marathon so I can donate more. Keep up the awesome. (also murder beam)'),
(-658002593, -1339836080, 'CHIPIN', '1312667745000definelightning@gmail.com', 'PENDING', 'COMMENT_READ', 16.00, '2011-08-06 15:55:45', 'I only caught the end of it, but I have to donate for a sub-2hr. Lunk to the Past run!'),
(-1133142912, 1742970300, 'CHIPIN', '1312668136000bloody_shadow0@yahoo.com', 'PENDING', 'COMMENT_READ', 10.00, '2011-08-06 16:02:16', 'This for the metroid plushie or 3ds prize. And as someone whose mother works with mentally handicapped kids this charity is a heartwarming thing. Keep up the good work!'),
(-1573953461, -76883380, 'CHIPIN', '1312668164000licaycayje@hotmail.com', 'PENDING', 'COMMENT_READ', 8.40, '2011-08-06 16:02:44', 'For chicken burger, eating chicken burgers err day mang we have fun.'),
(-153457066, -1584726242, 'CHIPIN', '1312668194000cyberbotx@cyberbotx.com', 'PENDING', 'COMMENT_READ', 10.00, '2011-08-06 16:03:14', 'My final donation for the weekend, to get in for whatever Metroid prizes there are, and to go for the Standup Glitch.'),
(-813684378, -1245650066, 'CHIPIN', '1312667912000mikw_uyma@hotmail.com', 'PENDING', 'COMMENT_READ', 5.00, '2011-08-06 15:58:32', 'Chicken Burger glitch... ...I mean stand-up glitch. Doing great guys!'),
(-645107561, -1421755652, 'CHIPIN', '1312667934000roschj22@gmail.com', 'PENDING', 'COMMENT_READ', 20.00, '2011-08-06 15:58:54', 'Here''s $20 for Murder Beam, Stand-up Glitch, and I''m crossing my fingers or the Metroid Plushie / Nintendo 3DS! Good luck with the run!'),
(-782508622, -1250575576, 'CHIPIN', '1312668174000llcooldave@gmail.com', 'PENDING', 'COMMENT_READ', 50.00, '2011-08-06 16:02:54', 'Mandatory Super Metroid donation from me. Amazing LttP run and please put this money AGAINST saving the animals (just to milk more donations out of people). If I can make this double count also put it to Chicken Sammich (if not, just forget about this).'),
(-612572826, -1483065541, 'CHIPIN', '1312668253000matthewciii@hotmail.com', 'PENDING', 'COMMENT_READ', 19.94, '2011-08-06 16:04:13', 'I vote for the Stand-up Glitch. Murder Beam is ugly to watch.'),
(-392378030, -996608574, 'CHIPIN', '1312668256000rjt210@lehigh.edu', 'PENDING', 'COMMENT_READ', 10.00, '2011-08-06 16:04:16', 'Possibly my last donation, but I had to get my name in for that Metroid perler. Put this towards the stand-up glitch!'),
(1016270334, 891344104, 'CHIPIN', '1312668328000unfies@gmail.com', 'PENDING', 'COMMENT_READ', 150.00, '2011-08-06 16:05:28', 'Unfy says: NOMS! Babies kawaii! Babies return :3! Go find that larva! Save the critters! 0:59!! hopefully rng will win me a plushy'),
(-1765279313, -1950153657, 'CHIPIN', '1312668421000pab.bach@hotmail.fr', 'PENDING', 'AMOUNT_READ', 5.00, '2011-08-06 16:07:01', NULL),
(1244775283, 891344104, 'CHIPIN', '1312668557000unfies@gmail.com', 'PENDING', 'COMMENT_READ', 60.00, '2011-08-06 16:09:17', 'unfy says: no really, SAVE THE CRITTERS! :D'),
(1783596106, 993225161, 'CHIPIN', '1312668433000bj_waters@hotmail.com', 'PENDING', 'COMMENT_READ', 5.00, '2011-08-06 16:07:13', 'Just want to say thanks for another great marathon! Just wanted to say one more thing, though. There''s been a lot of talk lately about 25th Anniversaries, especially this year, with Legend of Zelda, Castlevania, Dragon Warrior, and Rygar. However, TODAY, is the 25h Anniversary for the original Metroid. That''s something worth celebrating for speedrunners everywhere. If only Gunpei Yokoi only knew how much good he was doing for the charities of the world because of his games.'),
(-1305668204, -519432468, 'CHIPIN', '1312668480000kaynin@gmail.com', 'PENDING', 'COMMENT_READ', 10.00, '2011-08-06 16:08:00', '$10 For Stand up Glitch & I MUST SUCCEED in getting the Metroid this round.'),
(-1114025315, -1241856686, 'CHIPIN', '1312668566000william320@rocketmail.com', 'PENDING', 'AMOUNT_READ', 5.00, '2011-08-06 16:09:26', NULL),
(-1833204518, 213209403, 'CHIPIN', '1312668600000jefferlope@yahoo.com', 'PENDING', 'COMMENT_READ', 5.00, '2011-08-06 16:10:00', 'This is for the Metroid perler/plushie! Now if you will excuse me, I''m going to go have a chicken sammich.'),
(1540006686, -504759098, 'CHIPIN', '1312668604000cameronallen4878@gmail.com', 'PENDING', 'COMMENT_READ', 1.00, '2011-08-06 16:10:04', 'I like turtles.'),
(-499638209, -895617670, 'CHIPIN', '1312668606000zerromi@gmail.com', 'PENDING', 'COMMENT_READ', 5.00, '2011-08-06 16:10:06', 'Last donation for me for this marathon, but put me in for Metroid prizes and the Stand-Up Glitch.'),
(2069676628, -124084627, 'CHIPIN', '1312668612000bahamutdragons@yahoo.com', 'PENDING', 'COMMENT_READ', 5.00, '2011-08-06 16:10:12', 'Awww. I missed the triforce stained glass prize! I feel my energy drained... a metroid plushie would help illustrate what I mean...'),
(1867755709, 753447010, 'CHIPIN', '1312668625000dagon.7@hotmail.com', 'PENDING', 'COMMENT_READ', 10.00, '2011-08-06 16:10:25', 'Congrats on breaking 17K, now lets break 20! Put this toward Standup glitch, and for putting on a great show! Thank you guys for doing this awesome event.'),
(1040320324, -1602506951, 'CHIPIN', '1312668625000john.a.vanderson@gmail.com', 'PENDING', 'COMMENT_READ', 10.00, '2011-08-06 16:10:25', 'Congrats on an awesome LUNK ot the Past run. Also, STAND-UP GLITCH RULES, MURDER-BEAM DROOLS!!!'),
(-1842633544, -1289895554, 'CHIPIN', '1312668653000zaphod_420@hotmail.com', 'PENDING', 'COMMENT_READ', 15.00, '2011-08-06 16:10:53', 'To save the animals.'),
(-801856734, -215143334, 'CHIPIN', '1312668669000fouressentia@yahoo.com', 'PENDING', 'COMMENT_READ', 5.00, '2011-08-06 16:11:09', '$5 more for KH2 and possibly a metroid plushie! -Essentia'),
(670026956, -82504711, 'CHIPIN', '1312668689000darkm3tr01d@gmail.com', 'PENDING', 'COMMENT_READ', 10.00, '2011-08-06 16:11:29', 'Keep up the good work guys. SDA is the man when it comes to charity. I hope I get a metroid plushie and a 3DS. Then SDA would be my santa. also what''s the nerdiest thing I could put on the back of my laptop? SAVE THE ANIMALS!'),
(1800693890, -785479194, 'CHIPIN', '1312668696000tr_helwig@hotmail.com', 'PENDING', 'COMMENT_READ', 10.00, '2011-08-06 16:11:36', 'This is an awesome Super Metroid Race, as is the perler and plushie!'),
(-51517354, -1345634871, 'CHIPIN', '1312668701000ulysses@nildram.co.uk', 'PENDING', 'COMMENT_READ', 20.00, '2011-08-06 16:11:41', 'Been enjoying the marathon over the last couple of days - great work everyone, especially Essentia and Denton. Mark.'),
(-110982447, -565042340, 'CHIPIN', '1312668809000madroc777@yahoo.com', 'PENDING', 'COMMENT_READ', 10.00, '2011-08-06 16:13:29', 'those poor animals, save ''em! btw chicken patties are ground and raw, burgers are ground and cooked and on a bun, and sandwiches aren''t ground. Poultry pucks are frozen chicken patties, so they''re all right : )'),
(1908053990, -1016185882, 'CHIPIN', '1312668307000ordinaryfailure@gmail.com', 'PENDING', 'COMMENT_READ', 5.00, '2011-08-06 16:05:07', 'Congrats on meeting your goal. I''m putting my $5 into the plushie raffle and to kill Mother Brain with HYPER VIPER BEAM, aka murder beam. Shoutouts to Something Awful and all the SDA monsters from there.'),
(447397087, -2076975792, 'CHIPIN', '1312668397000orchid11047@yahoo.com', 'PENDING', 'COMMENT_READ', 50.00, '2011-08-06 16:06:37', 'Greetings from the SRL Super Metroid community. This game means a lot to me and I''d like to see y''all do something that I''m afraid I can''t do anymore. I''d like to see at least someone try to take down Ridley with missiles the old fashioned way. I know it''s slower, but please? Anyways, it''s always good to see these marathons and here''s to hoping we can get an any% race next marathon.'),
(984298316, -1451389776, 'CHIPIN', '1312668914000jockolanty@gmail.com', 'PENDING', 'COMMENT_READ', 10.00, '2011-08-06 16:15:14', 'Save the critters from those heartless speed run optimizers. It''s like they want an improved time or something. ^_~'),
(1555633042, -836667640, 'CHIPIN', '1312669014000snakerbot@gmail.com', 'PENDING', 'COMMENT_READ', 10.00, '2011-08-06 16:16:54', 'Yeah Super Metroid! And this is for saving the animals.'),
(-541237225, -1903262445, 'CHIPIN', '1312669020000cgibson1976@comcast.net', 'PENDING', 'COMMENT_READ', 110.00, '2011-08-06 16:17:00', 'You heartless, uncaring people. Save the critters please'),
(-44768745, 703211381, 'CHIPIN', '1312669168000njahnke@gmail.com', 'PENDING', 'COMMENT_READ', 100.00, '2011-08-06 16:19:28', 'go go go'),
(-1674597121, 1207016868, 'CHIPIN', '1312669200000aleck47@ymail.com', 'PENDING', 'COMMENT_READ', 10.00, '2011-08-06 16:20:00', 'Enjoying the runs and some chikin sammich. Hoping for the metroid perler. BTW, I''m a longtime lurker and, as its originator, if chikin sammich wins I may be more motivated to join and run Mass Effect. Hint hint.'),
(1558099472, 360322573, 'CHIPIN', '1312669202000lizzie241@gmail.com', 'PENDING', 'COMMENT_READ', 8.86, '2011-08-06 16:20:02', 'Getting in on the metroid action. Save the animals. Also how will Kingdom Hearts 2 Cut Scenes work. I want to see all of Space Paranoids'),
(1385157715, -913106912, 'CHIPIN', '1312669211000jakehurwitz@yahoo.com', 'PENDING', 'COMMENT_READ', 10.00, '2011-08-06 16:20:11', 'Here''s $10 for KH2 and the 3ds!'),
(-1076841312, -16777381, 'CHIPIN', '1312669221000brolis@gmail.com', 'PENDING', 'COMMENT_READ', 5.00, '2011-08-06 16:20:21', 'Does Metroid hold his gun in his hand or is it attached to his suit? Save the aminals!'),
(-1737635217, 416015151, 'CHIPIN', '1312669412000tjp7154@hotmail.com', 'PENDING', 'COMMENT_READ', 30.00, '2011-08-06 16:23:32', '+$30 for space time beam! (jk), stand-up glitch of course. Also, save the animals. Without them you''d be lost.'),
(64025528, -63817549, 'CHIPIN', '1312669438000ritterad@yahoo.com', 'PENDING', 'COMMENT_READ', 10.00, '2011-08-06 16:23:58', 'Rounding out my donation total. Let''s go for the standup glitch. Thanks for all the entertainment!'),
(103376889, 1534301876, 'CHIPIN', '1312668607000jaworski.md@gmail.com', 'PENDING', 'COMMENT_READ', 10.00, '2011-08-06 16:10:07', 'Save the animals!!'),
(-1272796506, 2136130598, 'CHIPIN', '1312669195000kittycait529@hotmail.com', 'PENDING', 'COMMENT_READ', 20.00, '2011-08-06 16:19:55', 'You guys are awesome! I would like this to go to KH2, because puwexil should get to play *something* :D Also, PLUSHIE.'),
(-324985911, 973524845, 'CHIPIN', '1312669413000mikekd@hotmail.com', 'PENDING', 'COMMENT_READ', 5.00, '2011-08-06 16:23:33', 'The animals would save you.'),
(1383462679, 1585051728, 'CHIPIN', '1312669464000ig64assassin@gmail.com', 'PENDING', 'COMMENT_READ', 10.00, '2011-08-06 16:24:24', 'Here''s to another great marathon'),
(100891192, 1311505427, 'CHIPIN', '1312669496000rrtycoon2@yahoo.com', 'PENDING', 'COMMENT_READ', 10.00, '2011-08-06 16:24:56', '10 more for the KH2...making it just that much more expensive for anyone who wants KH1 And do whatever with the animals.'),
(-1341013213, 345937027, 'CHIPIN', '1312669552000leetjh@gmail.com', 'PENDING', 'COMMENT_READ', 10.00, '2011-08-06 16:25:52', 'Super Metroid''s my favorite game of all time and the speed runs got me to visit the SDA site in the first place. I missed most of the marathon but am glad I got in on this race at least. Keep up the great job you all do for charities! Animals need saving ;)'),
(245229108, 1521718173, 'CHIPIN', '1312669588000colin@heatwave.co.uk', 'PENDING', 'COMMENT_READ', 20.00, '2011-08-06 16:26:28', 'Save the tasty animals! o/ (P.S. I think you said I won a copy of L4D2 earlier; I can''t run steam games so I''d recommend you pick another winner, or maybe give it to romscout or whoever it was who said they wanted a copy ^___^)'),
(270066530, 1674510031, 'CHIPIN', '1312669670000nick.glauber@gmail.com', 'PENDING', 'COMMENT_READ', 5.00, '2011-08-06 16:27:50', 'Great work so far guys. Stand up glitch, save the animals!'),
(1265280458, 812300436, 'CHIPIN', '1312669920000coolmatt@sorrowind.net', 'PENDING', 'COMMENT_READ', 15.00, '2011-08-06 16:32:00', 'My last donation for the marathon: I wanna hear that $15 joke! Better be worth it!'),
(2095790378, 912573739, 'CHIPIN', '1312669723000warlordmcbride05@yahoo.com', 'PENDING', 'COMMENT_READ', 10.00, '2011-08-06 16:28:43', 'Save the animals! ^_^ Dang good marathon guys and keep up the awesome work. Think I might have to make a SDA art piece to get tattooed if yall keep doing awesome marathons. Thanks for the good weekend. =D (Need more bad puns)'),
(-852116566, -1627543688, 'CHIPIN', '1312669940000jaredminnihan24@yahoo.com', 'PENDING', 'COMMENT_READ', 5.00, '2011-08-06 16:32:20', '$5 for two-round Phantoon. Sorry about earlier, I wasn''t thinking about just how different SS is from segmented. So instead, I''ll make a donation for anything particularly impressive I catch someone pulling off. I''m really enjoying the race so far.'),
(-57172603, 873563516, 'CHIPIN', '1312670011000macabrevermin@gmail.com', 'PENDING', 'COMMENT_READ', 20.00, '2011-08-06 16:33:31', 'Great LttP run Reaif. Don''t save the animals!'),
(890153760, 566224034, 'CHIPIN', '1312670053000andrewleger98@yahoo.com', 'PENDING', 'COMMENT_READ', 5.01, '2011-08-06 16:34:13', '$5 for the Metriod Perler, and 1c to LET THE ANIMALS BURN!!!!! Awesome Race so far, loving the marathon keep up the good job! -Dekar930'),
(-2146064048, -1903262445, 'CHIPIN', '1312670080000cgibson1976@comcast.net', 'PENDING', 'COMMENT_READ', 5.00, '2011-08-06 16:34:40', 'My very last donation for this marathon is for the metroid perler. High five for Darkwing.'),
(-255163561, 616583823, 'CHIPIN', '1312670127000karlp_44@hotmail.co.uk', 'PENDING', 'COMMENT_READ', 10.00, '2011-08-06 16:35:27', 'Awesome marathon. Its been great to watch. Would love to win the 3ds. -Paradox Karl'),
(-562726792, -1256465749, 'CHIPIN', '1312670168000purpledragonlord@hotmail.com', 'PENDING', 'COMMENT_READ', 5.00, '2011-08-06 16:36:08', 'Here''s $5.00 for Dessy''s game over save. Also would love to see a Super Metroid Impossible speed run one day. And its still a chicken sandwich.'),
(1248364017, -454101817, 'CHIPIN', '1312670344000coingray@gmail.com', 'PENDING', 'COMMENT_READ', 5.00, '2011-08-06 16:39:04', 'Race! For great research! :D'),
(-261410546, 152232261, 'CHIPIN', '1312670441000antti-tuomisto@hotmail.com', 'PENDING', 'COMMENT_READ', 6.12, '2011-08-06 16:40:41', 'I wonder what the animals taste when burned. Death to them!'),
(1376291750, -1627543688, 'CHIPIN', '1312670516000jaredminnihan24@yahoo.com', 'PENDING', 'COMMENT_READ', 5.00, '2011-08-06 16:41:56', '5 for the gravity suit shinespark'),
(-987946964, -539861899, 'CHIPIN', '1312669746000z.godfrey.37@gmail.com', 'PENDING', 'COMMENT_READ', 10.00, '2011-08-06 16:29:06', 'Super Metroid is the true test of skills. Love MSDS3170 P.S. Please put this 10 dollars to saving the animals for the sake of unfy, the ultimate superfan of SM :D'),
(358730502, 1977254389, 'CHIPIN', '1312670622000doctordos@gmail.com', 'PENDING', 'COMMENT_READ', 5.00, '2011-08-06 16:43:42', 'Glad to see A Lunk to the Past! If you guys need some jokes I have two quick ones for you: A piece of toast and an egg walk into a bar. The bartender says... "Sorry, we don''t serve breakfast here." --- Q: What did the hipster do with his coffee? A: He drank it before it was cool. A fantastic marathon as always! - Dr. Dos'),
(1731227828, 799626063, 'CHIPIN', '1312670649000ddfetzer@gmail.com', 'PENDING', 'COMMENT_READ', 10.01, '2011-08-06 16:44:09', 'From sparkster24: This has been a rockin'' weekend, love what you guys are doing, keep it up! Tonda Gossa!'),
(-805908597, -572316066, 'CHIPIN', '1312670656000aehoffer@gmail.com', 'PENDING', 'COMMENT_READ', 20.00, '2011-08-06 16:44:16', 'cool super metroid race.'),
(-1396463909, 414305690, 'CHIPIN', '1312670428000unbornpho3nix@gmail.com', 'PENDING', 'COMMENT_READ', 13.50, '2011-08-06 16:40:28', 'My first and only donation for the marathon and it goes for the stand up glitch.'),
(1702405688, 626334531, 'CHIPIN', '1312670793000leo.kolari@rajavirasto.net', 'PENDING', 'COMMENT_READ', 10.00, '2011-08-06 16:46:33', 'Here''s 10 bucks for the murder beam and the awesome plushie.'),
(1154958453, -1627543688, 'CHIPIN', '1312671373000jaredminnihan24@yahoo.com', 'PENDING', 'COMMENT_READ', 3.00, '2011-08-06 16:56:13', 'A little something just for attempting the to-Draygon shinespark.'),
(-1061839916, -1278524103, 'CHIPIN', '1312671327000carroll.david.s@gmail.com', 'PENDING', 'COMMENT_READ', 5.00, '2011-08-06 16:55:27', 'Please tell Dessy that his wife loves him. Thanks, Amber'),
(1955753442, 1074936492, 'CHIPIN', '1312671463000ronson_6@hotmail.com', 'PENDING', 'COMMENT_READ', 14.93, '2011-08-06 16:57:43', 'Hey Guys, Ronson_6 from the SDA Boards I just want to say thank you for everyone who took time out of their lives to speed run these games for Autism research. I watched a few chunks of this marathon and loved every minute of it. Please put my donation towards KH2 because...well hell, i want to see a KH 2 race! Hope you all are having a great time and i will be watching next marathon!'),
(-806210440, -1627543688, 'CHIPIN', '1312671541000jaredminnihan24@yahoo.com', 'PENDING', 'COMMENT_READ', 5.00, '2011-08-06 16:59:01', 'For the blue suit end to the Draygon fight.'),
(-1385760027, 1591430563, 'CHIPIN', '1312671481000tnb-stade@t-online.de', 'PENDING', 'COMMENT_READ', 10.00, '2011-08-06 16:58:01', 'First of all, I love your marathons and it makes always fun to watch ist :D But after all this Speedruns I''ve got some headache, maybee one of those two Metroids can drain it away? ;) You made a great job! Greetings from Germany'),
(-347981693, 917680638, 'CHIPIN', '1312671669000animeowzerz@live.com', 'PENDING', 'COMMENT_READ', 10.00, '2011-08-06 17:01:09', 'Hey guys, Ani here, wanted to let you know you''re all doing a great job, keep up the good runnings, and sorry that I wasn''t there to attend it with all of you despite me being an hour away from Essentia. :V'),
(-743947521, 1207016868, 'CHIPIN', '1312672202000aleck47@ymail.com', 'PENDING', 'COMMENT_READ', 4.64, '2011-08-06 17:10:02', 'Eat moar chikin sammich!! Somebody break the tie. Or don''t because that would be funny.'),
(1232365840, -454101817, 'CHIPIN', '1312672354000coingray@gmail.com', 'PENDING', 'COMMENT_READ', 25.00, '2011-08-06 17:12:34', 'Hey! Last donation from me! You''ve all done an amazing job, I say. :D Put this toward the Kingdom Hearts 2 race!'),
(1320681887, 1367163582, 'CHIPIN', '1312672360000lavkian@yahoo.com', 'PENDING', 'COMMENT_READ', 20.00, '2011-08-06 17:12:40', 'Lavkian - Supporting the Stand Up Glitch, awesome work guys!!! Hoping for that plushie'),
(1339126357, -1430847285, 'CHIPIN', '1312672339000aalvarez0909@gmail.com', 'PENDING', 'COMMENT_READ', 10.00, '2011-08-06 17:12:19', 'Hey, just want to say thanks to Tranq for persevering and getting that glitch. Takes perseverance to get through a marathon as well, so I''d like to extend my thanks to all the runners and Essentia and Denton for hosting the run. Thanks for all the great moments through out this marathon, such as saving the animals. Hope I get to provide a home for a metroid!'),
(-777958065, -1627543688, 'CHIPIN', '1312672592000jaredminnihan24@yahoo.com', 'PENDING', 'COMMENT_READ', 5.00, '2011-08-06 17:16:32', 'For pulling off the speedball after Ridley.'),
(-452356814, -928409741, 'CHIPIN', '1312672706000e.m.hibbs@gmail.com', 'PENDING', 'COMMENT_READ', 15.00, '2011-08-06 17:18:26', 'Probably the last donation from me. This race has been phenomenal, thanks for reminding me where the last energy tank I forgot in my SMetroid save was. For a marathon which didn''t include the full staff power of SDA, everything''s been super smooth. Save them animals.'),
(2021069505, 1388200244, 'CHIPIN', '1312672735000singergr@msu.edu', 'PENDING', 'COMMENT_READ', 173.00, '2011-08-06 17:18:55', 'Animals must die.'),
(819338133, -1476178364, 'LOCAL', '819338133', 'PENDING', 'COMMENT_READ', 20.00, '2011-08-06 17:22:52', ''),
(-2098535344, -739577158, 'LOCAL', '-2098535344', 'PENDING', 'COMMENT_READ', 5.00, '2011-08-06 17:23:35', ''),
(1285337188, -1862584422, 'CHIPIN', '1312672761000hugh.gent@gmail.com', 'PENDING', 'COMMENT_READ', 50.00, '2011-08-06 17:19:21', 'Love what you guys are doing but sadly I have not been able to watch much of it. Still I donate and want to thank all of you for your hard work. also please help out the KH2 race.'),
(-1477533514, -2020483383, 'CHIPIN', '1312672887000xinoea@gmail.com', 'PENDING', 'COMMENT_READ', 100.00, '2011-08-06 17:21:27', 'Well this is my final donation for the marathon. Awesome job everyone and very much looking forward to the next one. Also SAVE THE ANIMALS! 3'),
(930975509, -920524642, 'CHIPIN', '1312672900000neolink2010@gmail.com', 'PENDING', 'COMMENT_READ', 10.00, '2011-08-06 17:21:40', 'SAVE DEM ANIMALS! Now.'),
(227873762, 1452405338, 'CHIPIN', '1312672907000mike89_mkscelite@hotmail.com', 'PENDING', 'COMMENT_READ', 42.00, '2011-08-06 17:21:47', 'This donation is for the amazing past four hours of SNES gaming that makes me regret not growing up with one! To top it all off, the animals must be saved!!'),
(1982852119, 2037458682, 'CHIPIN', '1312672946000romscout@gmail.com', 'PENDING', 'COMMENT_READ', 10.00, '2011-08-06 17:22:26', 'Put the animals to sleep.'),
(-1936828643, -1627543688, 'CHIPIN', '1312672951000jaredminnihan24@yahoo.com', 'PENDING', 'COMMENT_READ', 5.00, '2011-08-06 17:22:31', '5 for the smooth Crocomire room exit.'),
(-40422969, -1539437719, 'CHIPIN', '1312672971000shahmehdi327@gmail.com', 'PENDING', 'COMMENT_READ', 5.00, '2011-08-06 17:22:51', 'Animals? ANIMALS?! BUT WHO WILL THINK ABOUT THE CHILDREN!'),
(1462730291, -948455496, 'CHIPIN', '1312672974000cavell@physics.utexas.edu', 'PENDING', 'COMMENT_READ', 20.00, '2011-08-06 17:22:54', 'The animals are the only friendly NPCs in a game about solitude. The option to save them is more significant than it appears. I say they live!'),
(1473577530, 276995739, 'CHIPIN', '1312672933000pednar@gmail.com', 'PENDING', 'COMMENT_READ', 25.00, '2011-08-06 17:22:13', 'Save the animals!'),
(-1198472174, 1074936492, 'CHIPIN', '1312672984000ronson_6@hotmail.com', 'PENDING', 'COMMENT_READ', 4.93, '2011-08-06 17:23:04', 'I''m donating once again and i must say, Dessyreqt''s hat is too epic! Also, this donation must go for saving the animals because it''s not a *true* 100% run without them haha. Keep it up!'),
(1023486095, -1800847140, 'CHIPIN', '1312673062000elaine.simone@gmail.com', 'PENDING', 'COMMENT_READ', 50.01, '2011-08-06 17:24:22', 'Canonical Ending. Save the Animals! Thanks for all the fun -thePaperNinja'),
(-265707965, 552251957, 'CHIPIN', '1312673153000trueblues@gmail.com', 'PENDING', 'COMMENT_READ', 10.00, '2011-08-06 17:25:53', 'Ten dollars solely to save the animals, so that Illeana won''t cry.'),
(917548766, 1078268665, 'CHIPIN', '1312673393000scompton3@gmail.com', 'PENDING', 'COMMENT_READ', 30.00, '2011-08-06 17:29:53', 'Chicken Sammich'),
(739889214, 357312643, 'CHIPIN', '1312673593000shayne.t.hill@gmail.com', 'PENDING', 'COMMENT_READ', 20.00, '2011-08-06 17:33:13', 'Giving winning that plushie a shot. While I''m at it, might as well add my $20 to Kingdom Hearts 2.'),
(1908867943, -1627543688, 'CHIPIN', '1312673623000jaredminnihan24@yahoo.com', 'PENDING', 'COMMENT_READ', 5.00, '2011-08-06 17:33:43', 'Nice job getting the wrap around glitch first try.'),
(-1618064722, 334747921, 'CHIPIN', '1312672996000m.r.uttaro@gmail.com', 'PENDING', 'COMMENT_READ', 5.00, '2011-08-06 17:23:16', 'Great Metroid race! Here''s my donation for a chance to win that plushie or pearler. And I agree with romscout in that if you save the animals, they have nowhere to go because they''re planet is kind of gone. By saving them, you''re dooming them to a miserable vagabond life. Let the animals die. It''s their time.'),
(1372525719, 175982536, 'CHIPIN', '1312673788000daigotsu@hawaii.rr.com', 'PENDING', 'COMMENT_READ', 5.00, '2011-08-06 17:36:28', 'Good showing Tranq.'),
(1909231149, -1627543688, 'CHIPIN', '1312673938000jaredminnihan24@yahoo.com', 'PENDING', 'COMMENT_READ', 5.00, '2011-08-06 17:38:58', 'This is for the first try Zebebebebite skip, and will probably be my final donation for the marathon. I''ll be sticking around for KHII, but I''m running low on money. I greatly enjoyed the runs, thank you SDA.'),
(1682344246, -246399547, 'CHIPIN', '1312674180000nickbui4@yahoo.com', 'PENDING', 'COMMENT_READ', 10.00, '2011-08-06 17:43:00', 'For an awesome Metroid run and a chance at the plushie and 3ds.'),
(-331391464, -441040907, 'CHIPIN', '1312674267000getcitywater@yahoo.com', 'PENDING', 'COMMENT_READ', 5.00, '2011-08-06 17:44:27', 'Yay. This entire thing has been really amazing! I''ve always had a fascination and admiration for those with autism so I was very excited when I found out you guys were doing this. Keep kicking butt.'),
(1156153115, 1388200244, 'CHIPIN', '1312674320000singergr@msu.edu', 'PENDING', 'COMMENT_READ', 100.00, '2011-08-06 17:45:20', '$100 for making me too embarrassed to play Super Metroid again for a while...'),
(180333551, 188977900, 'CHIPIN', '1312674390000pevergreen@pevergreen.com', 'PENDING', 'COMMENT_READ', 300.00, '2011-08-06 17:46:30', '$300 for Seph fight, purely because it sounds like it would annoy UltraJMan.'),
(-2042188112, -1524083224, 'CHIPIN', '1312674484000flare.k.n.ight.1.2.3.3@gmail.com', 'PENDING', 'COMMENT_READ', 5.00, '2011-08-06 17:48:04', 'if you fight Sephiroth, I''ll pay $1 for each Health bar the Runners knock off, and a flat $20 for winning, $40 if both win'),
(-979174100, 1715033523, 'CHIPIN', '1312674671000alf216@gmail.com', 'PENDING', 'AMOUNT_READ', 15.00, '2011-08-06 17:51:11', NULL),
(-1498938971, -1655586785, 'CHIPIN', '1312673664000kyleandrew.simpson@googlemail.com', 'PENDING', 'COMMENT_READ', 30.00, '2011-08-06 17:34:24', 'Been watching your Speedruns since AGDQ, Love the work you guys do! Couldn''t donate the last 2 times due to Paypal being obstructive, so I''ve given you triple my normal amount :) Good luck on KH2!'),
(-70489555, 1135009388, 'CHIPIN', '1312674596000rizukomesu@gmail.com', 'PENDING', 'COMMENT_READ', 18.00, '2011-08-06 17:49:56', 'Well, since I was beaten to donating for the Sephiroth fight, might as well put this in for Atlantica. Just to troll the hell out of everyone watching with your singing. Here''s hoping for the plushie or the cell, since those were definitely the prizes I was waiting to see! And here''s hoping that you guys break $20,000 for Autism Research! This is my last donation for SGDQ and I hope you guys manage more awesome streams for charity like this in the future! Keep being awesome, everyone! - Rizu'),
(1716312396, 1923018923, 'CHIPIN', '1312674785000dackattac@gmail.com', 'PENDING', 'COMMENT_READ', 10.00, '2011-08-06 17:53:05', 'SING FOR UUUUSSSS. :O'),
(1018541780, 1089152247, 'CHIPIN', '1312674797000connorgeorgiou@gmail.com', 'PENDING', 'COMMENT_READ', 5.00, '2011-08-06 17:53:17', 'The world needs more finny fun! Bring on Atlantica'),
(1531309668, -729383864, 'CHIPIN', '1312674787000zs.kessler@gmail.com', 'PENDING', 'COMMENT_READ', 10.00, '2011-08-06 17:53:07', '(Please Read) As a person on the Autism spectrum, I wanted to find something to donate towards. You guys are great, keep up the good work, keep having fun and keep singing (donation for singing, if you couldn''t tell)'),
(2101903056, -469366356, 'CHIPIN', '1312674908000bcutler13@gmail.com', 'PENDING', 'AMOUNT_READ', 10.00, '2011-08-06 17:55:08', NULL),
(1815538335, 395763787, 'CHIPIN', '1312674872000n_ranta@hotmail.com', 'PENDING', 'COMMENT_READ', 10.00, '2011-08-06 17:54:32', 'Singalong! That cel would be so awesome, too... Last donation for me as well, so I guess this is where I say you''re awesome, and I''ve enjoyed all three marathons this year and can''t wait for the next one. Also, shoutout to bronies if you wont mind :3'),
(1945270197, 360322573, 'CHIPIN', '1312675017000lizzie241@gmail.com', 'PENDING', 'COMMENT_READ', 11.67, '2011-08-06 17:56:57', 'Wanted in on a chance to get that awsome cell. Also as somebody who worked in a butcher shop cutting up chickens. The chicken patty is what you make and the chicken burger is what you eat. Also hope to see atlantica'),
(-1009363592, -357956335, 'CHIPIN', '1312675160000fire.elf.fey@gmail.com', 'PENDING', 'COMMENT_READ', 20.00, '2011-08-06 17:59:20', 'last donation for me. Awesome marathon! Keep up the awesome work guys!!'),
(-2067657543, -1421755652, 'CHIPIN', '1312675590000roschj22@gmail.com', 'PENDING', 'COMMENT_READ', 5.02, '2011-08-06 18:06:30', 'Congrats with donation success! My donation is for doing the Atlantica sing-a-long as quietly as you can.'),
(-809770204, 1860079105, 'CHIPIN', '1312675571000boyn64@aol.com', 'PENDING', 'COMMENT_READ', 20.00, '2011-08-06 18:06:11', 'My final donation is a Cutscene Request. Please play the scene before the final Axel fight, where Roxas pulls out his two keyblades.'),
(1444837189, -398949798, 'CHIPIN', '1312676197000ngulick@gmail.com', 'PENDING', 'COMMENT_READ', 5.00, '2011-08-06 18:16:37', '$5 for a shot at the plushie!'),
(1416063123, -643225852, 'CHIPIN', '1312676192000chrisvazquez0@gmail.com', 'PENDING', 'COMMENT_READ', 10.00, '2011-08-06 18:16:32', 'My final donation for the marathon, glad to see KH2. I''ve been watching for 12 hours straight and couldn''t be happier. Go SDA!'),
(-2048326890, -1354925437, 'CHIPIN', '1312676295000monkeymn@gmail.com', 'PENDING', 'COMMENT_READ', 5.00, '2011-08-06 18:18:15', 'Thanks for all the speed runs, there really fun to watch.'),
(-1049449653, -506297312, 'CHIPIN', '1312676331000bigbadfox@gmail.com', 'PENDING', 'COMMENT_READ', 10.00, '2011-08-06 18:18:51', 'For an awesome marathon for an awesome cause. You make us proud to be gamers! From Cody and Jimmy with love. 3'),
(-1965030904, 1291620624, 'CHIPIN', '1312676968000joshuajnepa@gmail.com', 'PENDING', 'COMMENT_READ', 15.00, '2011-08-06 18:29:28', 'Thanks for great games with a great purpose. Cannot wait for Jan 2012.'),
(-442024484, -1884180870, 'CHIPIN', '1312677027000erzengel13@gmail.com', 'PENDING', 'COMMENT_READ', 20.00, '2011-08-06 18:30:27', 'Arch Angel from the chat. Amazing runs Reaif and Dessy. Could we watch the cutscene where Auron tells Hades off (the one right before he joins you)? Thanks, keep up the amazing job, guys. You''re all the man.'),
(137562850, 1931835909, 'CHIPIN', '1312677036000sambrea@yahoo.com', 'PENDING', 'COMMENT_READ', 10.00, '2011-08-06 18:30:36', 'Awesome weekend guys! Makes me want to speedrun Ratchet and Clank games. I hope to be involved in the future with the site, and make my ten for Atlantica! Andrea'),
(-1132865234, 357312643, 'CHIPIN', '1312677431000shayne.t.hill@gmail.com', 'PENDING', 'COMMENT_READ', 10.00, '2011-08-06 18:37:11', 'One more donation for a worthy cause and a great and entertaining marathon. Great work, everyone!'),
(-1222332923, -1013345056, 'CHIPIN', '1312676706000comptechwizard@comcast.net', 'PENDING', 'COMMENT_READ', 5.00, '2011-08-06 18:25:06', 'Good job guys, I love these streams. 2 questions: Will there be a poverty stream afterwards and will these and the JRDQ run-throughs be posted somewhere online?'),
(822205429, 906801406, 'CHIPIN', '1312677640000nvieperen@gmail.com', 'PENDING', 'AMOUNT_READ', 5.00, '2011-08-06 18:40:40', NULL),
(598655079, 812300436, 'CHIPIN', '1312678366000coolmatt@sorrowind.net', 'PENDING', 'COMMENT_READ', 10.00, '2011-08-06 18:52:46', '$10 to start a challenge to sing "Be a man"! Go go! If you won''t do it, put this to the Atlantica singalong.'),
(-286486864, 1094908735, 'CHIPIN', '1312678966000emily.lizzi@yahoo.com', 'PENDING', 'COMMENT_READ', 10.00, '2011-08-06 19:02:46', 'De seaweed is always greenah in somebody else''s lake... Atlantica singalong please!'),
(1109114330, 1168361227, 'CHIPIN', '1312679217000dballin4@gmail.com', 'PENDING', 'COMMENT_READ', 5.00, '2011-08-06 19:06:57', 'Feel the heat?'),
(1020957263, 881209579, 'CHIPIN', '1312679925000westerjepser@hotmail.com', 'PENDING', 'COMMENT_READ', 10.00, '2011-08-06 19:18:45', 'Not quite sure what an animation cel is, but what the hey. Thanks for a great marathon and I''m already looking forward to January for the next one.'),
(-376603560, 213209403, 'CHIPIN', '1312679960000jefferlope@yahoo.com', 'PENDING', 'COMMENT_READ', 10.00, '2011-08-06 19:19:20', 'This will be my last donation this marathon. This was my first SDA marathon, and I''ve enjoyed every minute of it! I love what you guys are doing, and I''ll be sure to be in future marathons! Keep up the great work guys! Also, let''s go ahead and put this toward Atlantica.'),
(630602682, -1230633791, 'CHIPIN', '1312680393000dwething@gmail.com', 'PENDING', 'COMMENT_READ', 20.00, '2011-08-06 19:26:33', 'Thanks for the great marathon guys. I enjoyed watching everyone play games for a good cause. I''m looking forward to the next one!'),
(-432546533, 2119052813, 'CHIPIN', '1312681781000ewasson1@yahoo.com', 'PENDING', 'COMMENT_READ', 10.00, '2011-08-06 19:49:41', ':)'),
(1245888941, -1354925437, 'CHIPIN', '1312681982000monkeymn@gmail.com', 'PENDING', 'COMMENT_READ', 10.00, '2011-08-06 19:53:02', 'towards Antlantica Singalong'),
(73349549, 812300436, 'CHIPIN', '1312682026000coolmatt@sorrowind.net', 'PENDING', 'COMMENT_READ', 15.00, '2011-08-06 19:53:46', 'This is $15 for a duet singing "A whole new world". Need to have it sung as a duet (2 people).'),
(1474210602, -1203253689, 'CHIPIN', '1312682367000kaedenn@gmail.com', 'PENDING', 'COMMENT_READ', 0.66, '2011-08-06 19:59:27', 'DO NOT SING IN ATLANTICA. THINK OF THE CHILDREN.'),
(787663321, -1354925437, 'CHIPIN', '1312682586000monkeymn@gmail.com', 'PENDING', 'COMMENT_READ', 0.01, '2011-08-06 20:03:06', 'toward Atlantica Singalong'),
(1309323615, 1989554207, 'CHIPIN', '1312682601000sephirothiam@gmail.com', 'PENDING', 'COMMENT_READ', 10.00, '2011-08-06 20:03:21', 'Do Atlantica :D'),
(614000913, -1644270064, 'CHIPIN', '1312682844000jacobchimilar@hotmail.com', 'PENDING', 'AMOUNT_READ', 10.00, '2011-08-06 20:07:24', NULL),
(1224876887, -1669258854, 'CHIPIN', '1312683065000jmschultz@sbcglobal.net', 'PENDING', 'COMMENT_READ', 0.01, '2011-08-06 20:11:05', '1 cent for SpikeVegeta to yell "WHAT?! 9000?!" like Napa from Dragon Ball Z, after vegeta says IT''S OVER 9000!'),
(-372244616, 748594434, 'CHIPIN', '1312683274000sid5@case.edu', 'PENDING', 'COMMENT_READ', 10.00, '2011-08-06 20:14:34', 'Loved the Metroid race and this one as well. Great job guys. Donation is for u00e6u00b1?u00e5u00a0u00a1 in the Chicken wars, if that''s possible.'),
(-579044855, -1785501263, 'CHIPIN', '1312683484000vizrify@gmail.com', 'PENDING', 'AMOUNT_READ', 10.00, '2011-08-06 20:18:04', NULL),
(1554765029, 1832398149, 'CHIPIN', '1312684015000junk.azru@gmail.com', 'PENDING', 'COMMENT_READ', 10.00, '2011-08-06 20:26:55', '$10 for the nonsense characters in the chicken category!'),
(2057304738, -647898964, 'CHIPIN', '1312684394000tomatogoatee@gmail.com', 'PENDING', 'COMMENT_READ', 50.00, '2011-08-06 20:33:14', 'Let''s hear "Hakuna Matata" and the difference just ''cause I like you guys.'),
(1650511993, 155023733, 'CHIPIN', '1312684641000sjlee.712@gmail.com', 'PENDING', 'COMMENT_READ', 10.00, '2011-08-06 20:37:21', 'You guys are ridiculous as in you guys are ridiculously awesome :D keep it up!'),
(-1838680755, 218077674, 'CHIPIN', '1312684820000stan_frydrych@hotmail.com', 'PENDING', 'COMMENT_READ', 15.00, '2011-08-06 20:40:20', '15, because I want the heartless plushy and Sing the Winnie the poo introduction song!'),
(993604972, -928409741, 'CHIPIN', '1312684875000e.m.hibbs@gmail.com', 'PENDING', 'COMMENT_READ', 10.00, '2011-08-06 20:41:15', 'Okay, I''m calling you guys out. I donate for a wonderful song, a song that could woo small rabbits out of trees, a song called "I am the Wind," and you guys treat it like a joke. But someone suggests you sing a song featuring Jonathon Taylor Thomas learning slang from Billy Crystal, and you''re all over it? For shame. For shame.'),
(-675065020, 1914664571, 'CHIPIN', '1312684034000jaggerg@gmail.com', 'PENDING', 'COMMENT_READ', 2.00, '2011-08-06 20:27:14', 'Great job on another amazing marathon, guys! Also thanks to Kari and Denton for the location, they''re Essentia-lly the best! ^_^ See you next mission!'),
(-1706836048, -928409741, 'CHIPIN', '1312685243000e.m.hibbs@gmail.com', 'PENDING', 'COMMENT_READ', 15.00, '2011-08-06 20:47:23', 'I have a very specific request: A Whole New World. The specific part is that it must be a duo, with Essentia singing Aladdin''s part, and SpikedVegeta to sing Jasmine''s.'),
(173243187, 1381528341, 'CHIPIN', '1312685410000bjamesboaz@hotmail.com', 'PENDING', 'AMOUNT_READ', 10.00, '2011-08-06 20:50:10', NULL),
(-658919499, -1669258854, 'CHIPIN', '1312685826000jmschultz@sbcglobal.net', 'PENDING', 'COMMENT_READ', 1.00, '2011-08-06 20:57:06', 'I wonder how confused your neighbors are after all that singing.'),
(-1371393798, 1860079105, 'CHIPIN', '1312685826000boyn64@aol.com', 'PENDING', 'COMMENT_READ', 15.00, '2011-08-06 20:57:06', 'Disney owns Marvel, so please sing the Spiderman theme.'),
(-293275164, 1168361227, 'CHIPIN', '1312685859000dballin4@gmail.com', 'PENDING', 'COMMENT_READ', 15.00, '2011-08-06 20:57:39', 'Sing duck tales! A Woo Hoo'),
(1024182966, 941777509, 'CHIPIN', '1312685623000cyhowskij@comcast.net', 'PENDING', 'COMMENT_READ', 10.00, '2011-08-06 20:53:43', 'Great job this weekend! I would like to dedicate this donation to my cousin Matthew who suffers from a brittle-bone disease called Osteogenesis Imperfecta. He loves the Wii and not even a broken arm could stop him. He played New Super Mario Bros. with his foot and other hand. So this goes out to him.'),
(-1745745949, 1291620624, 'CHIPIN', '1312686020000joshuajnepa@gmail.com', 'PENDING', 'COMMENT_READ', 50.00, '2011-08-06 21:00:20', 'Can you sing Once Upon A Dream from Sleeping Beauty? I am hopeless romantic at heart.'),
(-2133931915, 812300436, 'CHIPIN', '1312686091000coolmatt@sorrowind.net', 'PENDING', 'COMMENT_READ', 15.00, '2011-08-06 21:01:31', 'Here''s something from left field to sing! Talespin! DO IT.'),
(77874057, -199172986, 'CHIPIN', '1312686072000pdonald@optusnet.com.au', 'PENDING', 'COMMENT_READ', 20.00, '2011-08-06 21:01:12', 'For the singing!!! - Plasia'),
(-1480935498, -964160322, 'CHIPIN', '1312685759000shrapnel.city@gmail.com', 'PENDING', 'COMMENT_READ', 20.00, '2011-08-06 20:55:59', 'DW, since I dontated towards your humiliation during JRDQ, I think it''s only fair I donate to share your pain... $20 towards Bronanassentia, please! Why is no-one else donating for this???'),
(-2114229691, -595838104, 'CHIPIN', '1312686178000tiki77747@gmail.com', 'PENDING', 'COMMENT_READ', 5.00, '2011-08-06 21:02:58', 'All the singing is nice, but can we have some time for commentary from the runners? :)'),
(-1622775204, 218077674, 'CHIPIN', '1312686351000stan_frydrych@hotmail.com', 'PENDING', 'COMMENT_READ', 15.00, '2011-08-06 21:05:51', 'Sing Darkwing duck!'),
(1594450736, 1310107781, 'CHIPIN', '1312686715000jeffreychen.jc@gmail.com', 'PENDING', 'COMMENT_READ', 30.00, '2011-08-06 21:11:55', 'Thanks for helping out a great cause and great job on the awesome runs - they''ve been so much fun to watch. Keep on ''running (and singing)!'),
(-120696049, -1761693862, 'CHIPIN', '1312686973000square_e93@yahoo.com', 'PENDING', 'COMMENT_READ', 15.00, '2011-08-06 21:16:13', 'I hope I''m not too late to the party. At least I got to see that awesome Cave Story run. and this KH2 race!'),
(529216575, 400235202, 'CHIPIN', '1312687186000ikomasoji@gmail.com', 'PENDING', 'COMMENT_READ', 15.00, '2011-08-06 21:19:46', 'Be Prepared during the Pridelands.'),
(-1160721699, 400235202, 'CHIPIN', '1312687545000ikomasoji@gmail.com', 'PENDING', 'COMMENT_READ', 15.00, '2011-08-06 21:25:45', 'Kidnap the Sandy Claws'),
(276063086, 2021062189, 'CHIPIN', '1312687564000rockdeworld@gmail.com', 'PENDING', 'AMOUNT_READ', 5.00, '2011-08-06 21:26:04', NULL),
(-1436545445, 1860079105, 'CHIPIN', '1312688112000boyn64@aol.com', 'PENDING', 'COMMENT_READ', 1.00, '2011-08-06 21:35:12', 'Tell JMan "Shabogabogabogabogabola"'),
(2131510538, -1917947251, 'CHIPIN', '1312688783000radix_ebay@speeddemosarchive.com', 'PENDING', 'COMMENT_READ', 137.00, '2011-08-06 21:46:23', 'Congratulations on $20k! You all make me proud.'),
(25979131, -1584726242, 'CHIPIN', '1312689089000cyberbotx@cyberbotx.com', 'PENDING', 'COMMENT_READ', 50.00, '2011-08-06 21:51:29', 'So I guess I lied about my last donation, this will be it. $15 to have them sing "Whistle While You Work", $10 for Chiken Sammich, and $25 for Bronanassentia.'),
(729784794, 400235202, 'CHIPIN', '1312689092000ikomasoji@gmail.com', 'PENDING', 'COMMENT_READ', 10.00, '2011-08-06 21:51:32', 'Towards Bronanassentia, for SpikeVegeta''s Amazing rendition of Jasmine. Seriously, I have tears in my eyes...'),
(-1109808621, -928409741, 'CHIPIN', '1312689121000e.m.hibbs@gmail.com', 'PENDING', 'COMMENT_READ', 5.00, '2011-08-06 21:52:01', 'This is my 4th donation since my "last of the marathon," but I just have to say wow. And, Aladdin? Based on that duet, when it comes to your marriage to Jasmine, you not being a prince is the least of your problems.'),
(536814860, 812300436, 'CHIPIN', '1312689144000coolmatt@sorrowind.net', 'PENDING', 'COMMENT_READ', 5.00, '2011-08-06 21:52:24', 'I regret changing my song after hearing Vegeta''s spectacular Jasmine. That would be worth hearing twice! Hahahahhaa! Put this towards brossentia challenge.'),
(341531133, -428561435, 'CHIPIN', '1312689427000alphabetacygni@hotmail.com', 'PENDING', 'COMMENT_READ', 15.00, '2011-08-06 21:57:07', 'Just jumped in, totally tossing in $15 to hear I''ll Make a Man Out of You. Great marathon, watch it every year!'),
(1790119668, 2021062189, 'CHIPIN', '1312689103000rockdeworld@gmail.com', 'PENDING', 'COMMENT_READ', 208.00, '2011-08-06 21:51:43', 'Aha! Comments! $10 for a song (plus the 5 I did earlier for 15 total), This is Halloween! the rest for Bronaessentia!'),
(796418303, 1297652422, 'CHIPIN', '1312689855000ninjamon325@yahoo.com', 'PENDING', 'COMMENT_READ', 10.00, '2011-08-06 22:04:15', 'Awesome job everyone! Kingdom Hearts II is one of my favorite games so I was ecstatic when I heard it was being done! I look forward to your next marathon and to see what lucky charity you choose to sponsor.'),
(-1569818059, 812300436, 'CHIPIN', '1312690505000coolmatt@sorrowind.net', 'PENDING', 'COMMENT_READ', 15.00, '2011-08-06 22:15:05', 'spikevegeta must do CIRCLE OF LIFE.'),
(-1897019333, 59171629, 'CHIPIN', '1312691170000adamkuczynski@gmail.com', 'PENDING', 'COMMENT_READ', 25.00, '2011-08-06 22:26:10', 'Hey guys. Just like with JRDQ I''ve managed to stay awake for the entire marathon. It''s been a hell of a ride and I can''t wait for the next marathon. Thanks for all the work you''re doing for this good cause. Just as a friendly reminder, it''s a chicken burger, not patty.'),
(-1363975468, -1158584982, 'CHIPIN', '1312692664000neshberatu@hotmail.com', 'PENDING', 'COMMENT_READ', 20.00, '2011-08-06 22:51:04', 'Hey Vegeta, BUddy, You look a little tired. How about you sit back, Relax, And enjoy that next cutscene?'),
(-317409083, 669088989, 'CHIPIN', '1312692677000stepha_t@hotmail.com', 'PENDING', 'AMOUNT_READ', 10.01, '2011-08-06 22:51:17', NULL),
(1425043317, -916076339, 'CHIPIN', '1312692725000dgardius@gmail.com', 'PENDING', 'COMMENT_READ', 100.00, '2011-08-06 22:52:05', 'Donating for a great cause and a great race. I''ll donate another $100 if Puwexil is able to pass Vegeta in the race. :)'),
(2146161387, -1483065541, 'CHIPIN', '1312692688000matthewciii@hotmail.com', 'PENDING', 'COMMENT_READ', 40.00, '2011-08-06 22:51:28', 'In recognition of Puwexil''s epic comeback... I guess put this towards Bronanassentia.'),
(-281435271, 316252480, 'CHIPIN', '1312692886000bry111@gmail.com', 'PENDING', 'AMOUNT_READ', 15.00, '2011-08-06 22:54:46', NULL),
(2186754, 1207016868, 'CHIPIN', '1312693534000aleck47@ymail.com', 'PENDING', 'COMMENT_READ', 25.36, '2011-08-06 23:05:34', '(pronounced "keen") I''m back, this gets me to $80 for this marathon, and yes I can still afford college. The singing cracks me up every time. Also the chikin sammich sends its gratitude in the form of a donation for bronanassentia. Now I wants me a PBJ!'),
(-1937786122, 1008030723, 'CHIPIN', '1312693839000vogt@cs.ualberta.ca', 'PENDING', 'COMMENT_READ', 10.00, '2011-08-06 23:10:39', 'Epic singing, SDA! :) A donation is deserved --Poxnor'),
(-1610319825, 812300436, 'CHIPIN', '1312694451000coolmatt@sorrowind.net', 'PENDING', 'COMMENT_READ', 15.00, '2011-08-06 23:20:51', 'Sing "Be Our Guest" as a duet, Vegeta doing the female part and Essentia doing the male part.'),
(-1197077916, 1681245842, 'CHIPIN', '1312694689000eric.c.glaeser@gmail.com', 'PENDING', 'COMMENT_READ', 12.00, '2011-08-06 23:24:49', 'Thanks for emptying out my paypal once again SDA. Can''t wait for the next marathon!'),
(-709803226, -913106912, 'CHIPIN', '1312694712000jakehurwitz@yahoo.com', 'PENDING', 'COMMENT_READ', 15.00, '2011-08-06 23:25:12', 'Awesome marathon, thanks for putting it on, here''s another $15 for helping people with autism :D Also, I wanna request that Svegeta sings "My Heart Will Go On" from titanic while fighting sephiroth. If he doesn''t know the song, then whoever knows it can sing it in his place. Once again, awesome job guys!'),
(-1477307672, -1245650066, 'CHIPIN', '1312694553000mikw_uyma@hotmail.com', 'PENDING', 'COMMENT_READ', 5.00, '2011-08-06 23:22:33', 'Hey all, seeing these moments makes me sad I''m not there in person. But it also makes me happy that you''ve made such a successful marathon without my help. I enjoyed seeing some familiar faces and some new breakout stars. Everyone seemed to get along and mesh well together - I could tell from the commentary. There were a lot of classic moments - Pies were thrown, people declared they were the wind, chicken rulings were made, and so much more, but it''s all coming to a close. I''m glad people have donated so generously to support the Organization for Autism Research, and that they shared their personal experiences with Autism. The community participation is a big part of what makes these mararathons great. I wish I could have donated more for my final donation, but I probably donated too much for my bank account to handle already. If the summer marathon happens again (it better), I''ll try my hardest to come there next year. -Mike P.S. You can throw this in for Bronanassentia'),
(-1056425691, -170386650, 'CHIPIN', '1312694623000wiinextgen@hotmail.com', 'PENDING', 'AMOUNT_READ', 10.00, '2011-08-06 23:23:43', NULL),
(675304746, -1524083224, 'CHIPIN', '1312696202000flare.k.n.ight.1.2.3.3@gmail.com', 'PENDING', 'COMMENT_READ', 40.00, '2011-08-06 23:50:02', 'As promised, $20 for victory, x2 because you both won. Good Job and this entire marathon has been awesome.'),
(865403181, -916076339, 'CHIPIN', '1312696567000dgardius@gmail.com', 'PENDING', 'COMMENT_READ', 100.00, '2011-08-06 23:56:07', 'Here''s the extra $100 as promised. The marathon has been a real joy to watch. Congratulations on achieving your goal and I look forward to seeing more in the future.'),
(1978912007, 1168361227, 'CHIPIN', '1312697211000dballin4@gmail.com', 'PENDING', 'COMMENT_READ', 10.00, '2011-08-07 00:06:51', 'I love you guys. I can''t wait to see whoever is going to AGDQ2. SDA is the best!'),
(-1984587505, 1666952760, 'CHIPIN', '1312694983000dave@davidkosub.com', 'PENDING', 'COMMENT_READ', 7.51, '2011-08-06 23:29:43', 'It''s a chicken burger, by the way.'),
(1760216057, -271758741, 'CHIPIN', '1312697492000shiningkestral@gmail.com', 'PENDING', 'COMMENT_READ', 10.00, '2011-08-07 00:11:32', 'I already donated earlier in the marathon, but this phenomenal race won me over, so here''s an extra ten, wish I could give more!'),
(-1369071766, 238717959, 'CHIPIN', '1312697981000mobiusyellow_13@yahoo.com', 'PENDING', 'COMMENT_READ', 7.50, '2011-08-07 00:19:41', 'This goes to chicken burger, it''s absolutely the right answer. Also, great stream and great cause. And I envy Vegeta''s beard.'),
(-1266796578, 745724163, 'CHIPIN', '1312698212000hellotherefriend52@hotmail.com', 'PENDING', 'COMMENT_READ', 5.00, '2011-08-07 00:23:32', 'NXRunner here for a final donation - amazing finish to the marathon, props to Vegeta and Puwexil both. Almost makes up for not having Prelude and THE END closing us out =P See you guys at AGDQ2, assuming PJ is still driving.'),
(953652456, 1406833797, 'CHIPIN', '1312698436000infectiousceryx@gmail.com', 'PENDING', 'COMMENT_READ', 10.00, '2011-08-07 00:27:16', 'Definitely an awesome ending.'),
(356498129, 753447010, 'CHIPIN', '1312698555000dagon.7@hotmail.com', 'PENDING', 'COMMENT_READ', 5.00, '2011-08-07 00:29:15', 'awesome run! CHIKKEN SAMMICH'),
(220131883, 1721479322, 'CHIPIN', '1312698382000ivancarrillo16@hotmail.com', 'PENDING', 'COMMENT_READ', 20.00, '2011-08-07 00:26:22', 'Hope this is not late. Great run guys!! Loved it, can''t wait for the next marathon.'),
(1503250277, -787747773, 'CHIPIN', '1312698680000doctor_speedy@msn.com', 'PENDING', 'PENDING', 1.00, '2011-08-07 00:31:20', 'I wish I could donate more myself, as with so many others. I hope that the sda has raised nearly one hundred thousand dollars worth of charity this year alone. Let that speak for itself, congratulations to all of you. On another note...how do I change my username? I did not realize that it would stick (when I first donated earlier this year). Anyway, happy travels back home for you all :).'),
(1102286095, -702042783, 'CHIPIN', '1312698771000jazaaboo@gmail.com', 'PENDING', 'PENDING', 1.00, '2011-08-07 00:32:51', 'It''s called BIRD PARTS BETWIXT GRAIN CIRCLES.'),
(96173373, 1929887507, 'CHIPIN', '1312698931000valtari@gmail.com', 'PENDING', 'PENDING', 15.00, '2011-08-07 00:35:31', 'Congratulations on an excellent marathon! It was fun to watch whenever I could. Also, definitely chicken sammich.');

-- --------------------------------------------------------

--
-- Table structure for table `DonationBidState`
--

CREATE TABLE IF NOT EXISTS `DonationBidState` (
  `donationBidStateId` varchar(16) NOT NULL DEFAULT '',
  PRIMARY KEY (`donationBidStateId`)
) ENGINE=MyISAM DEFAULT CHARSET=utf8;

--
-- Dumping data for table `DonationBidState`
--

INSERT INTO `DonationBidState` (`donationBidStateId`) VALUES
('FLAGGED'),
('PENDING'),
('PROCESSED');

-- --------------------------------------------------------

--
-- Table structure for table `DonationDomain`
--

CREATE TABLE IF NOT EXISTS `DonationDomain` (
  `donationDomainId` varchar(16) NOT NULL DEFAULT '',
  PRIMARY KEY (`donationDomainId`)
) ENGINE=MyISAM DEFAULT CHARSET=utf8;

--
-- Dumping data for table `DonationDomain`
--

INSERT INTO `DonationDomain` (`donationDomainId`) VALUES
('CHIPIN'),
('LOCAL');

-- --------------------------------------------------------

--
-- Table structure for table `DonationReadState`
--

CREATE TABLE IF NOT EXISTS `DonationReadState` (
  `donationReadStateId` varchar(16) NOT NULL DEFAULT '',
  PRIMARY KEY (`donationReadStateId`)
) ENGINE=MyISAM DEFAULT CHARSET=utf8;

--
-- Dumping data for table `DonationReadState`
--

INSERT INTO `DonationReadState` (`donationReadStateId`) VALUES
('AMOUNT_READ'),
('COMMENT_READ'),
('FLAGGED'),
('PENDING');

-- --------------------------------------------------------

--
-- Table structure for table `Donor`
--

CREATE TABLE IF NOT EXISTS `Donor` (
  `donorId` int(11) NOT NULL DEFAULT '0',
  `email` varchar(128) DEFAULT NULL,
  `alias` varchar(31) DEFAULT NULL,
  `firstName` varchar(31) DEFAULT NULL,
  `lastName` varchar(31) DEFAULT NULL,
  PRIMARY KEY (`donorId`),
  UNIQUE KEY `DonorEmailUnique` (`email`),
  UNIQUE KEY `DonorAliasUnique` (`alias`)
) ENGINE=MyISAM DEFAULT CHARSET=utf8;

--
-- Dumping data for table `Donor`
--

INSERT INTO `Donor` (`donorId`, `email`, `alias`, `firstName`, `lastName`) VALUES
(-2140913230, 'sansaradiart@live.com', NULL, 'Mario', 'Parker'),
(-2137743675, 'andrewianjames@gmail.com', NULL, 'Andrew', 'James'),
(-2128373590, 'edailey18@yahoo.com', NULL, 'Eric', 'Dailey'),
(-2121559959, 'ceruleancelebi@yahoo.com', NULL, 'Benjamin', 'Eberhard'),
(-2109070751, 'shadoww3@hotmail.com', NULL, 'Jack', 'Sapperstein'),
(-2088186969, 'tochkoma@gmail.com', NULL, 'donald', 'baskott'),
(-2065793666, 'storm99999@gmail.com', NULL, 'Colin', 'Josey'),
(-2061466113, 'rward613@gmail.com', NULL, 'Ryan', 'Ward'),
(-2059516137, 'got2play9@gmail.com', NULL, 'Nicholas', 'Kaide'),
(-2020483383, 'xinoea@gmail.com', NULL, 'Gabriel', 'Courtin'),
(-1995266717, 'jrberg@gmail.com', NULL, 'John', 'Berg'),
(-1976288807, 'ragespot@gmail.com', NULL, 'Jean-Pierre', 'Leclerc'),
(-1966999817, 'cbrod24@gmail.com', NULL, 'Christopher', 'Broderick'),
(-1950153657, 'pab.bach@hotmail.fr', NULL, 'Pierre-Alexandre', 'BACH'),
(-1947300561, 'hassifa_18@hotmail.com', NULL, 'Christopher', 'Hassall'),
(-1941814281, 'captainnovolin@gmail.com', NULL, 'Sheldon', 'Hood'),
(-1941631437, 'captaincanuck@gmail.com', NULL, 'Jared', 'Durston'),
(-1940885978, 'samuel.amorim@gft.com', NULL, 'Samuel', 'Amorin'),
(-1939435653, 'thesounddefense@gmail.com', NULL, 'Jim', 'Avery'),
(-1935278093, 'joey2myst@hotmail.com', NULL, 'Joseph', 'Stewart'),
(-1903262445, 'cgibson1976@comcast.net', NULL, 'Frederick', 'Gibson'),
(-1899174503, 'jercos@jercos.dyndns.org', NULL, 'Jeremy', 'Sturdivant'),
(-1890657987, 'halamantariel@hotmail.com', NULL, 'Olivier', 'Bellemare'),
(-1864070707, 'eric.haraldsson@gmail.com', NULL, 'Eric', 'Haraldsson'),
(-1862448277, 'ultrajunk@hotmail.com', NULL, 'Nick', 'Hendrikse'),
(-1852799018, 'htl2001@gmail.com', NULL, 'Henry', 'Lajoie'),
(-1848182435, 'kingzog@gmail.com', NULL, 'Jason', 'Flynn'),
(-1832180941, 'seaweedsong@gmail.com', NULL, 'Alyssa', 'Creason'),
(-1809048273, 'yeknom_yknuf@hotmail.com', NULL, 'Matthew', 'Lee'),
(-1780749854, 'gdataonline@gmail.com', NULL, 'Marcus', 'Truscello'),
(-1777662974, 'mshipstertrash@gmail.com', NULL, 'John', 'Phillips'),
(-1756927730, 'kylethomson@gmail.com', NULL, 'Kyle', 'Thomson'),
(-1736041523, 'michaelpereen@gmail.com', NULL, 'Michael', 'Pereen'),
(-1669467843, 'chumlum@hotmail.com', NULL, 'Balder', 'Strt'),
(-1669102029, 'magus416@rogers.com', NULL, 'Matthew', 'Gregor'),
(-1645035215, 'jccline@hotmail.com', NULL, 'Jeff', 'Cline'),
(-1641203215, 'danieleriksson@tomaseriksson.com', NULL, 'Daniel', 'Eriksson'),
(-1640962049, 'fluojn@hotmail.com', NULL, 'Jaakko', 'Nsi'),
(-1636758872, 'a08fresv@his.student.se', NULL, 'Andreas', 'Svensson'),
(-1631878301, 'wpatnode@gmail.com', NULL, 'Wes', 'Patnode'),
(-1627543688, 'jaredminnihan24@yahoo.com', NULL, 'Jared', 'Minnihan'),
(-1604270321, 'juhotalvitie@hotmail.com', NULL, 'Juho', 'Talvitie'),
(-1602506951, 'john.a.vanderson@gmail.com', NULL, 'John', 'Vanderson'),
(-1598583171, 'mapler90210@yahoo.com', NULL, 'Nicholas', 'Chaput'),
(-1593710989, 'dantescry@op.pl', NULL, 'Jakub', 'Gmiterek'),
(-1584726242, 'cyberbotx@cyberbotx.com', NULL, 'Naram', 'Qashat'),
(-1573165863, 'niko.kinnunen@gmail.com', NULL, 'Niko', 'Kinnunen'),
(-1556496002, 'rogueshenanigans@googlemail.com', NULL, 'Charles', 'S'),
(-1544837269, 'kyle.gilsdorf@asu.edu', NULL, 'Kyle', 'Gilsdorf'),
(-1542855648, 'sheriffdg.md@gmail.com', NULL, 'Sheriff', 'Din-Gabisi'),
(-1539437719, 'shahmehdi327@gmail.com', NULL, 'Syeda', 'Shah'),
(-1536307313, 'legendofmana@imamyth.com', NULL, 'Nicholas', 'Hoppe'),
(-1524083224, 'flare.k.n.ight.1.2.3.3@gmail.com', NULL, 'Bryant', 'Devillier'),
(-1518160355, 'tcutler2@msn.com', NULL, 'Tim', 'Cutler'),
(-1510826948, 'jal2001@hotmail.com', NULL, 'Johan', 'Lundstrm'),
(-1462526227, 'jcblankers@gmail.com', NULL, 'Jennifer', 'Blankers'),
(-1451389776, 'jockolanty@gmail.com', NULL, 'Josh', 'Bizeau'),
(-1430847285, 'aalvarez0909@gmail.com', NULL, 'Alejandro', 'Alvarez'),
(-1423978798, 'weird_al@hotmail.co.uk', NULL, 'Alisdair', 'Campbell'),
(-1419777479, 'gvnbru12@gmail.com', NULL, 'Giovanni', 'Bruno'),
(-1394234025, 'aneeslol@gmail.com', NULL, 'Anees', 'Bedi'),
(-1379951284, 'stevetheaviddreamer@gmail.com', NULL, 'Stephen', 'Prentice'),
(-1372663874, 'kohlenkov@hotmail.com', NULL, 'Chad', 'Gordon'),
(-1358643806, 'celdia@gmail.com', NULL, 'Brian', 'Rogers'),
(-1339836080, 'definelightning@gmail.com', NULL, 'Darren', 'Alton'),
(-1336594992, 'russguy@gmail.com', NULL, 'Russell', 'Wright'),
(-1333521171, 'le_shad@hotmail.fr', NULL, 'Lucas', 'Bily'),
(-1317022526, 'holysporks@gamil.com', NULL, 'Reynaldo', 'Caluag'),
(-1312856429, 'havenw@gmail.com', NULL, 'Haven', 'Waters'),
(-1311783299, 'speiser2@yahoo.com', NULL, 'Shane', 'Speiser'),
(-1310094054, 'cmkelly29@optonline.net', NULL, 'Cormac', 'Kelly'),
(-1294468499, 'klaige@mchsi.com', NULL, 'Kara', 'Nible'),
(-1290264502, 'johan.harlestedt@gmail.com', NULL, 'Johan', 'Harlestedt'),
(-1289895554, 'zaphod_420@hotmail.com', NULL, 'Timothy', 'Porn'),
(-1289276625, 'mrschanandler@yahoo.com', NULL, 'Jessica', 'Jensen'),
(-1282876668, 'katrastarbeam@hotmail.com', NULL, 'Glenn', 'Young'),
(-1278524103, 'carroll.david.s@gmail.com', NULL, 'David', 'Carroll'),
(-1274852476, 'lkozberg@mac.com', NULL, 'Lorie', 'Kozberg'),
(-1271906587, 'dougamer@gmail.com', NULL, 'Samuel', 'Ryan'),
(-1257390141, 'ornatedragon@gmail.com', NULL, 'Diego', 'Terres'),
(-1256465749, 'purpledragonlord@hotmail.com', NULL, 'Miles', 'Butler'),
(-1250575576, 'llcooldave@gmail.com', NULL, 'David', 'Spickermann'),
(-1245650066, 'mikw_uyma@hotmail.com', NULL, 'Mike', 'Uyama'),
(-1223091447, 'ssancha@me.com', NULL, 'Shawn', 'Sancha'),
(-1213613564, 'makimakimakimaki@gmail.com', NULL, 'Jase', 'Chun'),
(-1204243473, 'gagoncr@dukes.jmu.edu', NULL, 'Cody', 'Gagon'),
(-1203253689, 'kaedenn@gmail.com', NULL, 'Peter', 'Schultz'),
(-1175024214, 'darkwinter2424@gmail.com', NULL, 'Dean', 'Wilhelmi'),
(-1132789251, NULL, 'brosenntia', 'Brian', 'Cook'),
(-1123387506, 'dialdereth@yahoo.com', NULL, 'Michael', 'Wethington'),
(-1120199085, 'mpruvost@msn.com', NULL, 'Maxime', 'Pruvost'),
(-1109300881, 'aocrounk@yahoo.com', NULL, 'Alexander', 'Crounk'),
(-1100795634, 'wizphix@bredband.net', NULL, 'Joakim', 'Mkip'),
(-1057546346, 'flechett3@gmail.com', NULL, 'Don', 'Brown'),
(-1034899523, 'rakuen42@gmail.com', NULL, 'Aaron', 'Wright'),
(-1030158290, 'karen@mysimpleoffice.com', NULL, 'Karen', 'Dunn'),
(-1026794589, 'pygmee_thomas@hotmail.com', NULL, 'Thomas', 'Haugen'),
(-1002063783, 'stemogstel42@gmail.com', NULL, 'Christopher', 'Graziadio'),
(-996608574, 'rjt210@lehigh.edu', NULL, 'Rob', 'Tryson'),
(-989320335, 'arnovdengel@hotmail.com', NULL, 'arno', 'van'),
(-969047657, 'emptyeye@juno.com', NULL, 'Marc', 'Dziezynski'),
(-964160322, 'shrapnel.city@gmail.com', NULL, 'Greg', 'Payne'),
(-948455496, 'cavell@physics.utexas.edu', NULL, 'Eric', 'D''Avignon'),
(-928409741, 'e.m.hibbs@gmail.com', NULL, 'Eric', 'Hibbs'),
(-919920236, 'ortwin@gmail.com', NULL, 'Ortwin', 'Regel'),
(-895617670, 'zerromi@gmail.com', NULL, 'Clinton', 'Nicholls'),
(-888042265, 'coderedonly@cox.net', NULL, 'Christopher', 'Smith'),
(-867172325, 'b.l.cook@aggiemail.usu.edu', NULL, 'Brian', 'Lee'),
(-857257343, 'kirha_twin@hotmail.com', NULL, 'Remy', 'Turgeon'),
(-856719874, 'nosajelom@hotmail.com', NULL, 'Jason', 'Mole'),
(-846682190, 'linkinito@sfr.fr', NULL, 'BRUNO', 'RAMADANOSKI'),
(-785479194, 'tr_helwig@hotmail.com', NULL, 'Tristan', 'Helwig'),
(-776091500, 'kris.soberg@telia.com', NULL, 'Kristoffer', 'Sberg'),
(-776078525, 'stephen.joseph.bloom@gmail.com', NULL, 'Stephen', 'Bloom'),
(-775629014, 'captainsetback@yahoo.com', NULL, 'Daniel', 'Medina'),
(-768835988, 'rjones0@gmail.com', NULL, 'Rick', 'Jones'),
(-760850316, 'a.starinski@googlemail.com', NULL, 'Andreas', 'Starinski'),
(-748515463, 'sldavis003@yahoo.com', NULL, 'Shane', 'Davis'),
(-743831482, 'poulain.gilles@gmail.com', NULL, 'Gilles', 'Poulain'),
(-740510355, 'pfhoraphobia@gmail.com', NULL, 'Ryan', 'Delaney'),
(-739590878, 'kerbe33@yahoo.com', NULL, 'Christopher', 'Coscina'),
(-718975060, 'sicilianm12345@aol.com', NULL, 'Daniel', 'Chancey'),
(-702042783, 'jazaaboo@gmail.com', NULL, 'Layne', 'King'),
(-682245900, 'kingedgar0@gmail.com', NULL, 'James', 'Danzl'),
(-679819451, 'ibuythings@hotmail.co.uk', NULL, 'Benjamin', 'James'),
(-616824464, 'mike_ckd@hotmail.co.uk', NULL, 'Michael', 'Freeborn'),
(-612641648, 'koen.jwt@gmail.com', NULL, 'Koen', 'Paulissen'),
(-601417617, 'goheels14@mindspring.com', NULL, 'Rob', 'Whitener'),
(-596378429, 'jonas.d.martinsson@gmail.com', NULL, 'Jonas', 'Martinsson'),
(-595838104, 'tiki77747@gmail.com', NULL, 'Sattik', 'Ghosh'),
(-590264381, 'jokopsch@gmx.de', NULL, 'Johannes', 'Kopsch'),
(-588859540, 'fragmaster01@gmail.com', NULL, 'Morgan', 'Gulick'),
(-579065678, 'fuzzmosis@hotmail.com', NULL, 'Daniel', 'Koivisto'),
(-577760991, 'bobmcbob42@gmail.com', NULL, 'Liyang', 'Wang'),
(-574602980, 'karterfreak@hotmail.com', NULL, 'Matt', 'Ellis'),
(-569036343, 'poisontrooper@hotmail.com', NULL, 'Dominik', 'Kolbeck'),
(-548339014, 'jjgrande1960@msn.com', NULL, 'John', 'Grande'),
(-539861899, 'z.godfrey.37@gmail.com', NULL, 'Zach', 'Godfrey'),
(-537266730, 'modsquadlulz2@gmail.com', NULL, 'Matthew', 'Raftis'),
(-536695114, 'vilniusalesund@gmail.com', NULL, 'Jeffrey', 'Kurtenbach'),
(-531756718, 'fdzadolfo@hotmail.com', NULL, 'Adolfo', 'Fernandez'),
(-506297312, 'bigbadfox@gmail.com', NULL, 'Jimmy', 'Holm'),
(-466940326, 'vegeta_fan2005@gmx.de', NULL, 'Kevin', 'Khn'),
(-454101817, 'coingray@gmail.com', NULL, 'John', 'Hugh'),
(-447476843, 'reaper3978@msn.com', NULL, 'Nick', 'Houser'),
(-443232930, 'geminias@live.de', NULL, 'Tobias', 'Wurm'),
(-433080416, 'foxeye.valkyrie@gmail.com', NULL, 'Joe', 'Bonnar'),
(-408681702, 'viparas@gmail.com', NULL, 'Steven', 'Quinteros'),
(-403339124, 'mattstankey@gmail.com', NULL, 'Matthew', 'J'),
(-398949798, 'ngulick@gmail.com', NULL, 'Nathaniel', 'Gulick'),
(-396180415, 'damienmoody26@gmail.com', NULL, 'Damien', 'Moody'),
(-392237133, 'okeatoscetan@frontier.com', NULL, 'Joey', 'Fredenburg'),
(-390290090, 'dracozon@gmail.com', NULL, 'Elijah', 'Havens'),
(-387835629, 'champidc@gmail.com', NULL, 'Patrick', 'Fletcher'),
(-387240342, 'fordr@hotmail.co.uk', NULL, 'Ryan', 'Ford'),
(-378144245, 'benstenger@hotmail.com', NULL, 'John', 'Stenger'),
(-368500037, 'uraniumanchor@gmail.com', NULL, 'Benjamin', 'Cutler'),
(-345855159, 'rpgmatthew@gmail.com', NULL, 'Matthew', 'Blessing'),
(-330028266, 'eva20453@mejl.se', NULL, 'Eva', 'Silverlind'),
(-325284243, 'vtl@shalak.net', NULL, 'Vitaliy', 'Shalak'),
(-306667110, 'alnicrvada@gmail.com', NULL, 'Alexander', 'van'),
(-306311716, 'toddbstein@gmail.com', NULL, 'Todd', 'Stein'),
(-303491936, 'jonnyjamespedro@hotmail.com', NULL, 'Jonathon', 'Pedro'),
(-273892736, 'thompso0@yahoo.com', NULL, 'Benjamin', 'Thompson'),
(-271758741, 'shiningkestral@gmail.com', NULL, 'Katherine', 'Kim'),
(-268663631, 'kbechon@yahoo.com', NULL, 'Kim', 'Echon'),
(-237300555, 'greatlostnovel@gmail.com', NULL, 'Jeff', 'Bonnell'),
(-215143334, 'fouressentia@yahoo.com', NULL, 'Kari', 'Johnson'),
(-175208985, 'yoshifan@gmail.com', NULL, 'Stephen', 'Chan'),
(-172651292, 'kimearntsen@gmail.com', NULL, 'Kim', 'Arntsen'),
(-164867650, 'stanskij@msu.edu', NULL, 'Joe', 'Stanski'),
(-151186794, 'no@no.com', NULL, 'Cody', 'Miller'),
(-147525837, 'travis.deshotels@gmail.com', NULL, 'Travis', 'Deshotels'),
(-142884421, 'wyatt_mann@yahoo.com', NULL, 'Wyatt', 'Mann'),
(-138074251, 'creamola@yahoo.com', NULL, 'Daniel', 'Wikell'),
(-124084627, 'bahamutdragons@yahoo.com', NULL, 'Kevin', 'Giguere'),
(-123888873, 'hexkrak@hexkrak.com', NULL, 'Cory', 'Sougstad'),
(-120582352, 'lupin3_arrow@yahoo.com', 'arrow', 'Wes', 'Fathauer'),
(-105829687, 'gkarsh@gmail.com', NULL, 'Brian', 'Coia'),
(-104511952, 'eighteenspikes@gmail.com', NULL, 'Stephen', 'Bates'),
(-76160587, 'cryptlord14@yahoo.com', NULL, 'Brian', 'Lee'),
(-68558618, 'jjjoosshhh@aol.com', NULL, 'Josh', 'Jaycox'),
(-65938515, 'typoczyn@gmail.com', NULL, 'D', 'Coffman'),
(-63817549, 'ritterad@yahoo.com', NULL, 'Aaron', 'Ritter'),
(-49738664, '910dan@gmail.com', NULL, 'Daniel', 'Goodman'),
(-20256232, 'kimmtl@msn.com', NULL, 'kimberly', 'pask'),
(-15247873, 'greg.beauchesne@gmail.com', NULL, 'Greg', 'Beauchesne'),
(760329, 'mpn1982@gmx.net', NULL, 'Michael', 'Neumann'),
(29946521, 'matti.seppanen@suomi24.fi', NULL, 'Matti', 'Seppnen'),
(34947962, 'pavl0080@umn.edu', NULL, 'John', 'Pavlovich'),
(48201693, 'ogredanhibiki@gmail.com', NULL, 'Xavier', 'Peralta'),
(48823559, 'pntsbttm@yahoo.com', NULL, 'arnold', 'sanchez'),
(50449337, 'ashrielpaypal@gmail.com', NULL, 'Mark', 'Williams'),
(71835107, 'flaminfingers140@hotmail.com', NULL, 'Kyle', 'Fischer'),
(85808971, 'tropicho@hotmail.com', NULL, 'Glenn', 'McBay'),
(93525326, 'zagrod@flammablestudios.com', NULL, 'Marcin', 'Zagrodzki'),
(105133043, 'bigmadtony@gmail.com', NULL, 'Anthony', 'Keen'),
(108240781, 'benkeedy@gmail.com', NULL, 'Benjamin', 'J'),
(146483673, 'tompa_1989@hotmail.com', NULL, 'Tomas', 'Abrahamsson'),
(149458376, 'john@lapinskas.co.uk', NULL, 'John', 'Lapinskas'),
(153681796, 'mwnovick@gmail.com', NULL, 'Michael', 'Novick'),
(155023733, 'sjlee.712@gmail.com', NULL, 'Sang', 'Lee'),
(169044756, 'soskereviews@gmail.com', NULL, 'Mike', 'Stanley'),
(170986427, 'brholtkamp@gmail.com', NULL, 'Brian', 'Holtkamp'),
(176119121, 'dc1131@txstate.edu', NULL, 'Dustin', 'Chapman'),
(178212497, 'fenixdown83@hotmail.com', NULL, 'Scott', 'Hagelgans'),
(187716383, 'ninja_kirby@hotmail.com', NULL, 'Lloyd', 'Gillies'),
(188977900, 'pevergreen@pevergreen.com', NULL, 'Nick', 'Williams'),
(211791636, 'thelocal15@hotmail.com', NULL, 'Jansz', 'Sochacki-Kennedy'),
(213209403, 'jefferlope@yahoo.com', NULL, 'Yusef', 'Abdol-Hamid'),
(233893389, 'parker@speeddemosarchive.com', 'parker', 'Parker', 'Olinger'),
(262047112, 'ms_orslosa@msn.com', NULL, 'Mattias', 'Sjstrand'),
(265020014, 'stone__golem@hotmail.com', NULL, 'Neil', 'Harris'),
(276995739, 'pednar@gmail.com', NULL, 'Nicholas', 'Keith'),
(279877921, 'spkelly@alumni.cmu.edu', NULL, 'Sean', 'Kelly'),
(282236061, 'jonas@teamphobic.com', NULL, 'Jonas', 'Wills'),
(310017011, 'lorisalisbury@verizon.net', NULL, 'Lori', 'Salisbury'),
(311611959, 'brett824@gmail.com', NULL, 'Brett', 'Sheingold'),
(313411128, 'wtp_101@hotmail.com', NULL, 'Wes', 'Prewer'),
(317076130, 'cory.linhares@hotmail.com', NULL, 'Cory', 'Linhares'),
(319383853, 'serge8705@aol.com', NULL, 'Ian', 'Jackson'),
(334747921, 'm.r.uttaro@gmail.com', NULL, 'Mike', 'Uttaro'),
(348267663, 'garlyle@gmail.com', NULL, 'Brochlan', 'MacIntyre'),
(357312643, 'shayne.t.hill@gmail.com', NULL, 'Shayne', 'Hill'),
(362593557, 'tom.m.cover@gmail.com', NULL, 'Thomas', 'Cover'),
(363469555, 'xeroma_the_master@yahoo.com', NULL, 'William', 'Cozy'),
(380936787, 'soupaloop2000@yahoo.com', NULL, 'Mark', 'Bieszka'),
(391025662, 'boct1584@gmail.com', NULL, 'Matthew', 'Bocian'),
(395763787, 'n_ranta@hotmail.com', NULL, 'Niko', 'Ranta'),
(400235202, 'ikomasoji@gmail.com', NULL, 'Casey', 'Coker'),
(400289549, 'unforgiven_ii@web.de', NULL, 'Jens', 'Heinzelmann'),
(409156889, 'hubbard.houston@gmail.com', NULL, 'Houston', 'Hubbard'),
(444373805, 'dlm39@case.edu', NULL, 'Daniel', 'Miller'),
(510294341, 'boynn64@aol.com', NULL, 'James', 'Rodriguez'),
(517052545, 'khaos4wood@ymail.com', NULL, 'Stephen', 'Wood'),
(531130031, 'vampauthor13@yahoo.com', NULL, 'Kimberly', 'Odom'),
(558426569, 'nirvana_live_2000@hotmail.com', NULL, 'S', 'Lowe'),
(563913968, 'peterknutsson@hotmail.com', NULL, 'Peter', 'Knutsson'),
(566224034, 'andrewleger98@yahoo.com', NULL, 'Andrew', 'Leger'),
(604521267, 'nobodys42@hotmail.com', NULL, 'Staffan', 'Johansson'),
(604955471, 'swinginfiend@hotmail.com', NULL, 'Joshua', 'Huges'),
(626334531, 'leo.kolari@rajavirasto.net', NULL, 'Leo', 'Kolari'),
(631535541, 'wynti@hotmail.com', NULL, 'Wynter', 'Jones'),
(642523458, 'mamma_937@hotmail.com', NULL, 'Max', 'Lundberg'),
(643739015, 'ovsinortu@hotmail.com', NULL, 'Jonathan', 'Carling'),
(655330714, 'searcher800@bellsouth.net', NULL, 'Tonya', 'Gray'),
(657402306, 'bobby2661@hotmail.com', NULL, 'Robert', 'Bretz'),
(670825845, 'puzzleinlay321@yahoo.com', NULL, 'Michael', 'McDaniel'),
(684279556, 'the.super.snes@gmail.com', NULL, 'PJ', 'DiCesare'),
(690849991, 'insigmatheory@gmail.com', NULL, 'austin', 'kieffer'),
(691982897, 'coro_the_wolf@hotmail.com', NULL, 'Lyndsey', 'Gogue'),
(738176714, 'cyracnem@live.com', NULL, 'Erick', 'Talbot-Toomey'),
(745724163, 'hellotherefriend52@hotmail.com', NULL, 'Benjamin', 'Allen'),
(753447010, 'dagon.7@hotmail.com', NULL, 'Casey', 'Trytten'),
(753773150, 'mossturtle@gmail.com', NULL, 'Alexander', 'Pabst'),
(765298294, 'itastica@gmail.com', NULL, 'Elsinore', 'Alexander'),
(770615906, 'panwyatt@gmail.com', NULL, 'Pan', 'Wyatt'),
(783714537, 'arran.kelf@gmail.com', NULL, 'A', 'D'),
(811787559, 'dsheinem@yahoo.com', NULL, 'David', 'Heineman'),
(812300436, 'coolmatt@sorrowind.net', NULL, 'Matthew', 'Merkle'),
(814697995, 'dal.tone@hotmail.com', NULL, 'dalton', 'bishop'),
(817954523, 'kennet.j@hotmail.com', NULL, 'Kennet', 'Johansson'),
(828910168, 'kyle_halversen@hotmail.com', NULL, 'Kyle', 'Halversen'),
(854667935, 'nuclearrael@yahoo.com', NULL, 'Alan', 'Brusky'),
(866315899, 'leoleocalixto@gmail.com', NULL, 'Leonardo', 'Sampaio'),
(881209579, 'westerjepser@hotmail.com', NULL, 'Jesper', 'Westerberg'),
(891344104, 'unfies@gmail.com', NULL, 'William', 'Langford'),
(897006664, 'rundrown@hotmail.com', NULL, 'Miguel', 'Cournoyer'),
(898064781, 'joshgmac@gmail.com', NULL, 'Joshua', 'MacKay'),
(905827625, 'darkserge0@gmail.com', NULL, 'Brett', 'Hults'),
(907107372, 'nauhhouner@yahoo.com', NULL, 'William', 'Dowdy'),
(912573739, 'warlordmcbride05@yahoo.com', NULL, 'Timothy', 'Mcbride'),
(930706053, 'fishplusfire@hotmail.com', NULL, 'Mikhail', 'John'),
(931144052, 'ross.friedberg@gmail.com', NULL, 'Ross', 'Friedberg'),
(932482495, 'zevgun@gmail.com', NULL, 'Stephen', 'Sundberg'),
(950956309, 'sift2438@gmail.com', NULL, 'Maxwell', 'Chmara'),
(953328597, 'sacredskullkid@gmail.com', NULL, 'Todd', 'Foreman'),
(963068741, 'indykenobi@gmail.com', NULL, 'Benjamin', 'Purkis'),
(968974172, 'skullboyax84@aol.com', NULL, 'Stephen', 'Flask'),
(974344307, 'morecrunk@gmail.com', NULL, 'Morgan', 'Crunkleton'),
(985524637, 'zflynn@mail.bradley.edu', NULL, 'Zachary', 'Flynn'),
(993225161, 'bj_waters@hotmail.com', NULL, 'Josh', 'Waters'),
(1001324460, 'andrew.shute719@students.camdencc.edu', NULL, 'Andrew', 'Shute'),
(1004290714, 'kennyroos@juno.com', NULL, 'Kenneth', 'Roos'),
(1008030723, 'vogt@cs.ualberta.ca', NULL, 'Ryan', 'Vogt'),
(1071535880, 'imagesfromapoet@gmail.com', NULL, 'Samantha', 'Skinner'),
(1089152247, 'connorgeorgiou@gmail.com', NULL, 'Connor', 'Georgiou'),
(1094908735, 'emily.lizzi@yahoo.com', NULL, 'Emily', 'Lizzi'),
(1106196731, 'ferus37@live.com', NULL, 'Eva', 'Therese'),
(1135009388, 'rizukomesu@gmail.com', NULL, 'Elizabeth', 'Comes'),
(1147114538, 'peppertiger85@gmail.com', NULL, 'Michael', 'Westerman'),
(1168361227, 'dballin4@gmail.com', NULL, 'David', 'Balls'),
(1169150792, 'collectorsadditionstoronto@gmail.com', NULL, 'Noah', 'Tomlin'),
(1178179949, 'monarxthefox@hotmail.com', NULL, 'Jerry', 'Depew'),
(1207016868, 'aleck47@ymail.com', NULL, 'Alec', 'Kuenn'),
(1215596856, 'tinusss_@hotmail.com', NULL, 'Martijn', 'Verstappen'),
(1220042836, 'vgzerstorung@yahoo.com', NULL, 'Justin', 'Kvithyll'),
(1225610804, 'shawn.naka@gmail.com', NULL, 'Shawn', 'Nakashima'),
(1232524713, 'mail.jwschroeder@gmail.com', NULL, 'Jeff', 'Schroeder'),
(1232617956, 'cyghfer@gmail.com', NULL, 'Craig', 'Gordon'),
(1234810477, 'insanity0x0@hotmail.com', NULL, 'Mat', 'Sanborn'),
(1240158700, 'pat00139@hotmail.com', NULL, 'Patrick', 'Pilon'),
(1241333100, 'bigjfella@yahoo.com', NULL, 'Jason', 'Graap'),
(1273937143, 'aphox@hotmail.de', NULL, 'Tobias', 'Baers'),
(1285026303, 'cwsatoryu@gmail.com', NULL, 'Chris', 'Kirk'),
(1290804767, 'jj@cerebraltech.com', NULL, 'JJ', 'Foote'),
(1291620624, 'joshuajnepa@gmail.com', NULL, 'Joshua', 'Johnson'),
(1311505427, 'rrtycoon2@yahoo.com', NULL, 'Mark', 'Murphy'),
(1366178997, 'iqunlimited@yahoo.com', NULL, 'Daniel', 'Carpenter'),
(1381528341, 'bjamesboaz@hotmail.com', NULL, 'Brian', 'Boaz'),
(1393155709, 'timwilke1@gmx.net', NULL, 'Tim', 'Wilke'),
(1406833797, 'infectiousceryx@gmail.com', NULL, 'Christopher', 'Stone'),
(1424011943, 'tylermacintosh@gmail.com', NULL, 'Tyler', 'MacIntosh'),
(1452405338, 'mike89_mkscelite@hotmail.com', NULL, 'Michael', 'McKenzie'),
(1480610713, 'smelenchuk@gmail.com', NULL, 'Steven', 'Melenchuk'),
(1481108814, 'davidmasq@gmail.com', NULL, 'David', 'Masquelier'),
(1503886210, 'spikevegeta@speeddemosarchive.com', 'spikevegeta', 'Asa', 'Tims'),
(1576464611, 'puwexil@hotmail.com', NULL, 'Adam', 'Dunn'),
(1607386348, 'p_carroll@yahoo.com', NULL, 'Paul', 'Carroll'),
(1609981768, 'matthias.lisin@googlemail.com', NULL, 'Natalie', 'Lisin'),
(1623175373, 'kaltf4@gmail.com', NULL, 'Vincent', 'Malley'),
(1669175294, 'jwcarlso@gmail.com', NULL, 'Jeff', 'Carlson'),
(1671282240, 'mastrrob@mastrrob.com', NULL, 'Robert', 'Stahl'),
(1681245842, 'eric.c.glaeser@gmail.com', NULL, 'Eric', 'Glaeser'),
(1711988627, 'madmanlotar@gmail.com', NULL, 'Ruben', 'Arredondo'),
(1715033523, 'alf216@gmail.com', NULL, 'Andrew', 'Faulhaber'),
(1715769501, 'samppa.lampio@gmail.com', NULL, 'Samppa', 'Lampio'),
(1724675806, 'toufool31@gmail.com', NULL, 'Richard', 'Ryan'),
(-2047634984, NULL, NULL, 'John II', 'Doe'),
(1730848447, 'emailskratman@yahoo.com', NULL, 'Joel', 'P'),
(1742970300, 'bloody_shadow0@yahoo.com', NULL, 'Zachary', 'Cummings'),
(1749211149, 'philip8o@dslextreme.com', NULL, 'Philip', 'Simpson'),
(1770507651, 'sebastian-rugby@bredband.net', NULL, 'Sebastian', 'Johansson'),
(1773948320, 'mantis@nb.sympatico.ca', NULL, 'Nicolas', 'Ouellette'),
(1847702874, 'fatkidscantfly@hotmail.com', NULL, 'Kristoffer', 'Kristoffersen'),
(1860079105, 'boyn64@aol.com', NULL, 'James', 'Rodriguez'),
(1878243133, 'bmyers18@ameritech.net', NULL, 'Brandon', 'Myers'),
(1891599342, 'schoen1605@yahoo.com', NULL, 'Carol', 'Schoenfelder'),
(1899809098, 'nickbenzie@hotmail.co.uk', NULL, 'Nicholas', 'Benzie'),
(1916774458, 'fredrik@lidholt.se', NULL, 'Fredrik', 'Lidholt'),
(1929727798, 'integersas@gmail.com', NULL, 'Saska', 'Liiman'),
(1931835909, 'sambrea@yahoo.com', NULL, 'Andrea', 'Englert'),
(1935620079, 'jggray52@gmail.com', NULL, 'James', 'Gray'),
(1958210318, 'anarchoelk@gmail.com', NULL, 'Adam', 'McDonald'),
(1966341789, 'onlyforonce@hotmail.co.uk', NULL, 'Ellis', 'Watson'),
(1977254389, 'doctordos@gmail.com', NULL, 'Leo', 'Monelli'),
(1978636115, 'asakura.ha0@hotmail.com', NULL, 'Chris', 'Jennings'),
(1993407651, 'toothache42@gmail.com', NULL, 'Stephen', 'Stafford'),
(2008229661, 's_kiazyk@hotmail.com', NULL, 'Stephen', 'Kiazyk'),
(2009909777, 'jman2050@gmail.com', NULL, 'Joel', 'Oquendo'),
(2023336311, 'rafaelsposito@gmail.com', NULL, 'Rafael', 'Sposito'),
(2028314509, 'cmd.vimes@gmail.com', NULL, 'Max', 'Trunck'),
(2037458682, 'romscout@gmail.com', NULL, 'Hadel', 'Romscout'),
(2038391032, 'hyp3r.phone@gmail.com', NULL, 'Andrew', 'Allan'),
(2055446568, 'scintilliasd@gmail.com', NULL, 'Kevin', 'Tung'),
(2061007376, 'randiserinio@gmail.com', NULL, 'Charles', 'Cavallino'),
(2064239905, 'rhydiarob@live.com', NULL, 'Rob', 'Furman'),
(2121572618, 'kfoster9480@yahoo.com', NULL, 'Kevin', 'Foster'),
(2126483725, 'neskamikaze@yahoo.com', NULL, 'Kevin', 'LaLonde'),
(-1628390959, NULL, NULL, 'John', 'Doe'),
(-519366769, 'lynbt@ufl.edu', NULL, 'andrew', 'melnyk'),
(-583021254, 'diabolique_math@hotmail.com', NULL, 'Mathieu', 'Gaudreault'),
(1078268665, 'scompton3@gmail.com', NULL, 'Steven', 'Compton'),
(-1584526434, 'flipvrijn@gmail.com', NULL, 'Flip', 'van'),
(164988719, 'lmanderson82@hotmail.com', NULL, 'Luke', 'Anderson'),
(-1423644876, 'fyeree@gmail.com', NULL, 'Caden', 'Macleod'),
(1521718173, 'colin@heatwave.co.uk', NULL, 'Colin', 'Chow'),
(-1284447797, 'objectorbit@yahoo.com', NULL, 'Brian', 'Hawes'),
(2109652689, 'davidhirschberg@cox.net', NULL, 'David', 'Hirschberg'),
(-810955926, 'rfinkle0@email.cpcc.edu', NULL, 'Mike', 'FInklea'),
(-131336754, 'memory_inertia@fastmail.fm', NULL, 'Michael', 'Witter'),
(-42668507, 'tarjanian_tenragan@yahoo.de', NULL, 'Oliver', 'Koch'),
(85722186, 'beeltec@gmail.com', NULL, 'Christian', 'Beelte'),
(-357956335, 'fire.elf.fey@gmail.com', NULL, 'Patricia', 'O''Connor'),
(-1158584982, 'neshberatu@hotmail.com', NULL, 'Ian', 'Cottman'),
(194305457, 't0nu@hotmail.com', NULL, 'Tonu', 'Taitto'),
(1663842492, 'clucas8464@comcast.net', NULL, 'Cathy', 'Lucas'),
(-734068321, 'lagdotcom@gmail.com', NULL, 'Paul', 'Davies'),
(340232777, 'vorpaledge@gmail.com', NULL, 'John', 'De'),
(-2013076048, 'paypal@tropictech.de', NULL, 'Andreas', 'Halm'),
(-138057783, 'mojo3q@gmx.de', NULL, 'Monika', 'Orzechowski'),
(-1091541284, 'dylanpetonke@gmail.com', NULL, 'Dylan', 'Petonke'),
(-1107151035, 'furky@optonline.net', NULL, 'Jake', 'Sperling'),
(-643225852, 'chrisvazquez0@gmail.com', NULL, 'Chris', 'Vazquez'),
(-1800847140, 'elaine.simone@gmail.com', NULL, 'Elaine', 'Simone'),
(-511250315, 'longrange@azgral.com', NULL, 'Matthew', 'Bretz'),
(-1321186005, 'zer@rylia.net', NULL, 'David', 'Lowry'),
(-1090948535, 'the1stpkmnfan@hotmail.com', NULL, 'Alexander', 'Trevino'),
(2133549367, 'mozzazelda@gmail.com', NULL, 'Nick', 'Massarelli'),
(-546421035, 'hitakaphoenix@gmail.com', NULL, 'Mark', 'Theisen'),
(818846985, 'todd_crusader@yahoo.com', NULL, 'Eric', 'Lee'),
(1715695551, 'cpa.craig@gmail.com', NULL, 'Philip', 'Craig'),
(-322840398, 'bkkcbluesocks@yahoo.com', NULL, 'Kevin', 'Chandrasena'),
(912954822, 'spardastonerule@hotmail.com', NULL, 'Deborah', 'Whitehead'),
(2144560527, 'demonic.blaze@hotmail.com', NULL, 'Brian', 'Levereaux'),
(-758330182, 'ackushner@gmail.com', NULL, 'Alexander', 'Kushner'),
(-1675589324, 'makani@suntemple.org', NULL, 'MichelleA', 'Fleming'),
(1451411832, 'zdadr.dem@gmx.de', NULL, 'Nicolas', 'Gromann'),
(360322573, 'lizzie241@gmail.com', NULL, 'Elizabeth', 'Ziriada'),
(-251021241, 'mrzeebub@gmail.com', NULL, 'Max', 'Damage'),
(-1794793935, 'lina.inverse.zero@gmail.com', NULL, 'Nelson', 'Cheung'),
(615062621, 'ellvino@gmail.com', NULL, 'Anders', 'Ellvin'),
(-153979199, 'samuel.bateman@gmail.com', NULL, 'Samuel', 'Bateman'),
(-1417490770, 'tom.hughes-7@hotmail.co.uk', NULL, 'thomas', 'hughes'),
(-582112581, 'jplovanic0@hotmail.com', NULL, 'Jacob', 'Plovanic'),
(-16777381, 'brolis@gmail.com', NULL, 'Brodie', 'Lister'),
(1439625177, 'matthew.t.bryant@hotmail.com', NULL, 'Matthew', 'Bryant'),
(498442835, 'timirowski@cox.net', NULL, 'Tim', 'Wheeler'),
(-1736284257, 'dhammond08@gmail.com', NULL, 'Dustin', 'Hammond'),
(-1884180870, 'erzengel13@gmail.com', NULL, 'Kyle', 'Joyce'),
(-947559352, 'therealhdl@gmail.com', NULL, 'Adrian', 'Perez'),
(1322571510, 'angel.mccleery@gmail.com', NULL, 'Kristopher', 'McCleery'),
(-1002328940, 'bahamutssidekick@hotmail.com', NULL, 'Alex', 'Merchant'),
(-1392172865, 'gojeran@hotmail.com', NULL, 'Aaron', 'Hodge'),
(-699937880, 'ericstickney@comcast.net', NULL, 'Eric', 'Stickney'),
(1529442803, 'mjlekon@gmail.com', NULL, 'Michael', 'Lekon'),
(855004242, 'hellprowler@gmail.com', NULL, 'Justin', 'Vodoor'),
(2006118671, 'loiosh@gmail.com', NULL, 'Ciro', '(Loiosh)'),
(1579122000, 'joragan@gmail.com', NULL, 'David', 'Kasprzyk'),
(1054311546, 'margol@jawnet.pl', NULL, 'Pawe\Z', 'Szymiec'),
(-1892722779, 'roelofskev@gmail.com', NULL, 'Kevin', 'Roelofs'),
(980622123, 'kuhlgamer_2k@hotmail.com', NULL, 'corwyn', 'kuhl'),
(653358858, 'mcbrauns@gmail.com', NULL, 'Matthew', 'Braunstein'),
(-968938937, 'valiuse@yahoo.com', NULL, 'Timothy', 'Fox'),
(1666952760, 'dave@davidkosub.com', NULL, 'David', 'Kosub'),
(413565912, 'jhoul@live.com', NULL, 'James', 'Houlihan'),
(175982536, 'daigotsu@hawaii.rr.com', NULL, 'Ryan', 'Kim'),
(260354380, 'bezektj@gmail.com', NULL, 'Thomas', 'Bezek'),
(-1844715953, 'bam_321@hotmail.com', NULL, 'Bradley', 'Matteson'),
(-1866868635, 'stuart.grieve@gmail.com', NULL, 'Stuart', 'Grieve'),
(832625566, 'blaiko@aol.com', NULL, 'Frank', 'Jahn'),
(238717959, 'mobiusyellow_13@yahoo.com', NULL, 'Michael', 'Solomon'),
(-1476178364, 'seawolf@speeddemosarchive.com', NULL, 'sea', 'wolf'),
(-1483065541, 'matthewciii@hotmail.com', NULL, 'Matthew', 'Conforth'),
(-654639149, 'rodneyb221@excite.com', NULL, 'Rodney', 'Beckner'),
(-1748321029, 'jrv77673@bethel.edu', NULL, 'Jacob', 'Volkers'),
(-1845769901, 'beamrup@aol.com', NULL, 'Debra', 'Freeman'),
(44488571, 'doggieking_7@hotmail.com', NULL, 'Calvin', 'Naftzinger'),
(711581447, 'thomasleonmallory@hotmail.com', NULL, 'Thomas', 'Mallory'),
(-1929818296, 'jasonzane@speeddemosarchive.com', NULL, 'Jason', 'Zane'),
(1134340142, 'cakes224@aol.com', NULL, 'patti', 'jack'),
(-1923736452, 'jason_thompson@insightbb.com', NULL, 'Jackie', 'Thompson'),
(-314745241, 'mcjonteboy@yahoo.se', NULL, 'Jonathan', 'Reinfeldt'),
(298916383, 'ianscott18@hotmail.co.uk', NULL, 'Ian', 'Scott'),
(1141355916, 'zallard1@gmail.com', NULL, 'Zack', 'Allard'),
(-931872383, 'josh.milewski@gmail.com', NULL, 'Joshua', 'Milewski'),
(59171629, 'adamkuczynski@gmail.com', NULL, 'Adam', 'Kuczynski'),
(-1609081004, 'rogast2@hotmail.com', NULL, 'Roger', 'Stangen'),
(-262798819, 'vincent.vandeemter@gmail.com', NULL, 'Vincent', 'van'),
(-1413510219, 'lynxx_xvi@yahoo.com', NULL, 'Lindon', 'Edwards'),
(-1346272426, 'colin.clark@hotmail.de', NULL, 'colin', 'clark'),
(152232261, 'antti-tuomisto@hotmail.com', NULL, 'Erkki', 'Juntti'),
(343075313, 'thomas.rjones@yahoo.com', NULL, 'Thoomas', 'Jones'),
(-822958130, 'nanite@frontiernet.net', NULL, 'Marc', 'DeMarco'),
(-466685176, 'alueckner76@gmail.com', NULL, 'Andreas', 'Lckner'),
(-647898964, 'tomatogoatee@gmail.com', NULL, 'Paul', 'Spicer'),
(231604825, 'rsteele578@gmail.com', NULL, 'Robert', 'Steele'),
(1562511742, 'xami_3@msn.com', NULL, 'Sami', 'Saarikoski'),
(1682700890, 'a.beingessner@gmail.com', NULL, 'Alexis', 'Beingessner'),
(-300338076, 'carotbotom@yahoo.com', NULL, 'Matthew', 'Solomon'),
(-2147289003, 'joelinssen@yahoo.com', NULL, 'Joe', 'Linssen'),
(-506728052, 'nickkahoshi@gmail.com', NULL, 'John', 'Cantrell'),
(-1421755652, 'roschj22@gmail.com', NULL, 'Jonathan', 'Rosch'),
(-76883380, 'licaycayje@hotmail.com', NULL, 'Jerome', 'Licaycay'),
(-2076975792, 'orchid11047@yahoo.com', NULL, 'David', 'Garrison'),
(-1016185882, 'ordinaryfailure@gmail.com', NULL, 'Timothy', 'Treichel'),
(-519432468, 'kaynin@gmail.com', NULL, 'Andrew', 'Chabot'),
(-1241856686, 'william320@rocketmail.com', NULL, 'william', 'MURPHY'),
(-504759098, 'cameronallen4878@gmail.com', NULL, 'Cameron', 'Allen'),
(-82504711, 'darkm3tr01d@gmail.com', NULL, 'Brannon', 'Goodrich'),
(-1345634871, 'ulysses@nildram.co.uk', NULL, 'Mark', 'Cox'),
(-565042340, 'madroc777@yahoo.com', NULL, 'Michael', 'Rocco'),
(-836667640, 'snakerbot@gmail.com', NULL, 'David', 'Uhlman'),
(703211381, 'njahnke@gmail.com', NULL, 'Nathan', 'Jahnke'),
(2136130598, 'kittycait529@hotmail.com', NULL, 'Caitlynn', 'Spangle'),
(-913106912, 'jakehurwitz@yahoo.com', NULL, 'Jake', 'Hurwitz'),
(416015151, 'tjp7154@hotmail.com', NULL, 'Timothy', 'Peters'),
(1585051728, 'ig64assassin@gmail.com', NULL, 'Greyson', 'Orlando'),
(1534301876, 'jaworski.md@gmail.com', NULL, 'Max', 'Jaworski'),
(973524845, 'mikekd@hotmail.com', NULL, 'Michael', 'Dobson'),
(345937027, 'leetjh@gmail.com', NULL, 'Joel', 'Leet'),
(1674510031, 'nick.glauber@gmail.com', NULL, 'Nick', 'Glauber'),
(873563516, 'macabrevermin@gmail.com', NULL, 'Dana', 'Robinson'),
(616583823, 'karlp_44@hotmail.co.uk', NULL, 'Karl', 'Parris'),
(799626063, 'ddfetzer@gmail.com', NULL, 'Dustin', 'Fetzer'),
(-572316066, 'aehoffer@gmail.com', NULL, 'Alexander', 'Hoffer'),
(414305690, 'unbornpho3nix@gmail.com', NULL, 'Johnny-Aim', 'St-Onge'),
(1074936492, 'ronson_6@hotmail.com', NULL, 'Ron', 'Clark'),
(1591430563, 'tnb-stade@t-online.de', NULL, 'Thore', 'Brand'),
(917680638, 'animeowzerz@live.com', NULL, 'Skyler', 'Dunyon'),
(1367163582, 'lavkian@yahoo.com', NULL, 'Jacob', 'Gerke'),
(1388200244, 'singergr@msu.edu', NULL, 'Gregory', 'Singer'),
(-1862584422, 'hugh.gent@gmail.com', NULL, 'Hugh', 'Campbell'),
(-739577158, 'aftermath229@hotmail.com', 'aftermath', 'James', 'downing'),
(-920524642, 'neolink2010@gmail.com', NULL, 'Nick', 'Thielman'),
(552251957, 'trueblues@gmail.com', NULL, 'Bradley', 'Bartkiewicz'),
(-246399547, 'nickbui4@yahoo.com', NULL, 'Nicholas', 'Bui'),
(-441040907, 'getcitywater@yahoo.com', NULL, 'Lyndsey', 'Gogue'),
(-1655586785, 'kyleandrew.simpson@googlemail.com', NULL, 'Kyle', 'Simpson'),
(1923018923, 'dackattac@gmail.com', NULL, 'Darren', 'Conroy'),
(-729383864, 'zs.kessler@gmail.com', NULL, 'Zach', 'Kessler'),
(-469366356, 'bcutler13@gmail.com', NULL, 'Bradley', 'Cutler'),
(-1354925437, 'monkeymn@gmail.com', NULL, 'Caleb', 'Kessler'),
(-1013345056, 'comptechwizard@comcast.net', NULL, 'Mark', 'Moses'),
(906801406, 'nvieperen@gmail.com', NULL, 'Nienke', 'van'),
(-1230633791, 'dwething@gmail.com', NULL, 'Daniel', 'Wethington'),
(2119052813, 'ewasson1@yahoo.com', NULL, 'Elijah', 'Wasson'),
(1989554207, 'sephirothiam@gmail.com', NULL, 'Kevin', 'Gillis'),
(-1644270064, 'jacobchimilar@hotmail.com', NULL, 'jacob', 'chimilar'),
(-1669258854, 'jmschultz@sbcglobal.net', NULL, 'James', 'Schultz'),
(748594434, 'sid5@case.edu', NULL, 'Sean', 'Dunlap'),
(-1785501263, 'vizrify@gmail.com', NULL, 'Christopher', 'French'),
(1914664571, 'jaggerg@gmail.com', NULL, 'Lester', 'Graham'),
(1832398149, 'junk.azru@gmail.com', NULL, 'Richard', 'K'),
(218077674, 'stan_frydrych@hotmail.com', NULL, 'Stan', 'Frydrych'),
(941777509, 'cyhowskij@comcast.net', NULL, 'Jared', 'Cyhowski'),
(-199172986, 'pdonald@optusnet.com.au', NULL, 'MISS', 'JENNIFER'),
(1310107781, 'jeffreychen.jc@gmail.com', NULL, 'Jeffrey', 'Chen'),
(-1761693862, 'square_e93@yahoo.com', NULL, 'Damon', 'Ngo'),
(2021062189, 'rockdeworld@gmail.com', NULL, 'Michael', 'Farcasin'),
(-1917947251, 'radix_ebay@speeddemosarchive.com', NULL, 'Nolan', 'Pflug'),
(-428561435, 'alphabetacygni@hotmail.com', NULL, 'Remy', 'Krause'),
(1297652422, 'ninjamon325@yahoo.com', NULL, 'Morgan', 'Stallings'),
(669088989, 'stepha_t@hotmail.com', NULL, 'Stphane', 'Tremblay'),
(-916076339, 'dgardius@gmail.com', NULL, 'Evan', 'Koestner'),
(316252480, 'bry111@gmail.com', NULL, 'Bryan', 'Cassidy'),
(-170386650, 'wiinextgen@hotmail.com', NULL, 'Henry', 'McCain'),
(1721479322, 'ivancarrillo16@hotmail.com', NULL, 'Ivan', 'Carrillo'),
(-787747773, 'doctor_speedy@msn.com', NULL, 'Not', 'Jay'),
(1929887507, 'valtari@gmail.com', NULL, 'STEPHEN', 'SMITH');

-- --------------------------------------------------------

--
-- Table structure for table `Prize`
--

CREATE TABLE IF NOT EXISTS `Prize` (
  `prizeId` int(11) NOT NULL DEFAULT '0',
  `name` varchar(63) DEFAULT NULL,
  `imageURL` varchar(1024) DEFAULT NULL,
  `description` varchar(1024) DEFAULT NULL,
  `donorId` int(11) DEFAULT NULL,
  PRIMARY KEY (`prizeId`),
  UNIQUE KEY `PrizeNameUnique` (`name`),
  KEY `PrizeFKDonor` (`donorId`)
) ENGINE=MyISAM DEFAULT CHARSET=utf8;

--
-- Dumping data for table `Prize`
--

INSERT INTO `Prize` (`prizeId`, `name`, `imageURL`, `description`, `donorId`) VALUES
(-2114826285, 'vvvvvv steam code 3', '', 'whole marathon?\r\n\r\nmin 5', -2109070751),
(-2099819012, '10. sword kirby plushie', '', 'kirby: nightmare in dreamland\r\n\r\nmin 5', 1770507651),
(-2088794802, '12. katamari hat', NULL, 'we love katamari\n\nmin 5', -1333521171),
(-1920002975, '2. metool helmet', NULL, 'mm1 -> mm10\n\nmin 5', -271758741),
(-1744091795, '13. vvvvvv coaster perlers', NULL, 'vvvvvv\n\nmin 5', 1749211149),
(-1535587169, '14. sue cave story perler', NULL, 'cave story\n\nmin 5', 912573739),
(-1361308134, '5. lander plushie', NULL, 'guardian legend\n\nmin 5', -2020483383),
(-1335649531, '20. shadow heartless and sora animation cel', NULL, 'KH 1 or kh2\n\nmin 10', -170386650),
(-1132149892, '11. wing cap hat', NULL, 'super mario 64\n\nmin 5', 604521267),
(-1040054066, '7. red knight plushie', NULL, 'castle crashers\n\nmin 5', -569036343),
(-836496447, '3. signed brentalfloss cd', NULL, 'start of marathon -> super mario bros\n\nmin 10?', 950956309),
(-820608348, '17. zelda treasure chest perler', NULL, 'loz lttp\n\nmin 5', -466685176),
(-525957758, '14. toroko cave story perler', NULL, 'cave story\n\nmin 5', -142884421),
(-462489866, 'vvvvvv steam code 1', NULL, 'whole marathon?\n\nmin 5', 993225161),
(-379001258, '18. zelda fused glass triforce', NULL, 'loz lttp\n\nmin 10?', 1094908735),
(304981800, '6. trouble bruin plushie', NULL, 'dynamite headdy\n\nmin 5', 105133043),
(432094099, '4. donkey kong perler', NULL, 'dk94 or mvdk\n\nmin 5', 1576464611),
(471010506, '8. kirby and metknight animation cel', NULL, 'kirby block\n\nmin 5 or 10?', 854667935),
(741028692, 'lindsey king animal picture', NULL, 'whole marathon\n\nmin 5', NULL),
(891340469, 'lindsey king katamari sgdq picture', NULL, 'whole marathon\n\nmin 5', NULL),
(903632221, 'vvvvvv steam code 2', NULL, 'whole marathon?\n\nmin 5', -76160587),
(950582110, 'vvvvvv steam code 4', NULL, 'whole marathon?\n\nmin 5', 1311505427),
(982589124, 'vvvvvv steam code 5', NULL, 'whole marathon?\n\nmin 5', 753773150),
(1054478726, '14. balrog cave story perler', NULL, 'cave story\n\nmin 5', -785479194),
(1126894444, 'lindsey king soma sgdq picture', NULL, 'whole marathon\n\nmin 5', 1290804767),
(1531314623, 'seawolf''s plushies', NULL, 'limbo', 1916774458),
(1538955048, 'link vs ganon picture', NULL, 'not sure if it''s zelda block or whole marathon\n\nmin 5 or 10?', NULL),
(1543989378, '14. king cave story perler', NULL, 'cave story\n\nmin 5', -63817549),
(1555571424, '9. prince fluff plushie', NULL, 'kirby''s epic yarn\n\nmin 5', -856719874),
(1802846772, '1. ryu hayabusa perler', NULL, 'start of marathon -> ninja gaiden\n\nmin 5', 1225610804),
(1840890585, 'lindsey king megaman sgdq picture', NULL, 'whole marathon\n\nmin 5', 211791636),
(2102199646, '15. minish cap hat', NULL, 'minish cap\n\nmin 5', -1884180870),
(2123242633, '16. minish cap perlers', NULL, 'minish cap\n\nmin 5?\n\nidk what these are', -1394234025),
(1909813722, 'portal - steam copy', NULL, '1 dollar minimum', -1289895554),
(1483618824, 'portal steam copy 2', NULL, '1 dollar', 690849991),
(915507555, 'l4d2 - steam copy', NULL, '5 dollar minimum', 1521718173),
(-1613581935, 'l4d2 steam copy 2', NULL, NULL, -447476843),
(-2115943989, 'earthbound mr t perler', NULL, '5 dollars', 164988719),
(785569860, 'lttp lunk pic', NULL, '10', -931872383),
(1627434851, '19. metroid plushie', NULL, 'super metroid\n\nmin 5', -996608574),
(-202592230, 'metroid perler', NULL, '5 min', 2136130598),
(809595941, 'sora cel', NULL, NULL, 213209403),
(1669347622, 'nintendo 3ds + oot', NULL, 'whole marathon\n\nmin 10', 1054311546);

-- --------------------------------------------------------

--
-- Table structure for table `SpeedRun`
--

CREATE TABLE IF NOT EXISTS `SpeedRun` (
  `speedRunId` int(11) NOT NULL DEFAULT '0',
  `name` varchar(63) DEFAULT NULL,
  `description` varchar(1024) DEFAULT NULL,
  `order` int(11) NOT NULL AUTO_INCREMENT,
  PRIMARY KEY (`speedRunId`),
  UNIQUE KEY `order` (`order`),
  UNIQUE KEY `SpeedRunNameUnique` (`name`)
) ENGINE=MyISAM  DEFAULT CHARSET=utf8 AUTO_INCREMENT=50 ;

--
-- Dumping data for table `SpeedRun`
--

INSERT INTO `SpeedRun` (`speedRunId`, `name`, `description`, `order`) VALUES
(-800347417, 'toejam and earl (not run)', '', -1),
(-1356151923, 'blaster master', '', 1),
(-1165462727, 'adventures in the magic kingdom', '', 2),
(963604917, 'chip ''n dale rescue rangers', '', 3),
(1432380265, 'darkwing duck', '', 4),
(1256837519, 'startropics', '', 5),
(1392544639, 'snake rattle n roll', '', 6),
(657613050, 'ninja gaiden', '', 7),
(2126740830, 'metal gear', '', 8),
(502253914, 'nesbot demonstration', 'nesbotttttttttttt', 9),
(-1990797144, 'mega man', '', 10),
(-1075705, 'mega man 3', '', 11),
(-1526252475, 'mega man 9 ', '', 12),
(-1254409760, 'mega man 10', '', 13),
(1163829718, 'super mario bros', '', 14),
(-1812696888, 'donkey kong ''94 or mario vs. dk ', '', 15),
(1777221925, 'castlevania: symphony of the night', 'all bosses run', 16),
(1644499027, 'castlevania: dawn of sorrow', '', 17),
(-1153096724, 'castlevania: portrait of ruin', 'richiter mode', 18),
(491065325, 'castlevania: harmony of despair', 'soma all levels ng+', 19),
(-102781702, 'evo: search for eden', '', 20),
(588871612, 'tetris attack', '', 21),
(-248613410, 'demon''s crest', '100%', 22),
(-920102220, 'guardian legend', '', 23),
(533267208, 'limbo', '', 24),
(-1750548132, 'dynamite headdy', 'race!u000au000aarrow vs zyre', 25),
(-1826620469, 'sonic 3d blast', '', 26),
(669626102, 'rocket knight', '', 27),
(-32969917, 'castle crashers', '8 way raceu000au000aFeasel, romscout, duckfist, UltraJMan, Zyre, TheSeawolf1, Raen, and UraniumAnchor', 28),
(2085423881, 'rayman 2: the great escape', '', 29),
(1569944524, 'kirby super star', '', 30),
(-1573622690, 'kirby: epic yarn', '', 31),
(-852949145, 'kirby: nightmare in dreamland', '', 32),
(1075554646, 'super mario 64', '70 star', 33),
(1749151378, 'we love katamari', '', 34),
(-958658254, 'mirror''s edge', '', 35),
(1739526325, 'riven', 'best ending', 36),
(1271580262, 'vvvvvv', '', 37),
(244682343, 'master of orion ii', '', 38),
(-1648493982, 'cave story', '', 39),
(897073678, 'quake 2', '', 40),
(-616918200, 'portal', '', 41),
(463678121, 'left 4 dead 2', '4 player co-op on advancedu000au000akubelwagon, takumi, pevergreen, dekar', 42),
(489090615, 'kingdom hearts: birth by sleep', '', 43),
(-376321186, 'shadow of the colossus', 'time attack mode', 44),
(-1523758844, 'toejam and earl 2: panic on funkotron', '', 45),
(-479708931, 'legend of zelda: the minish cap', '', 46),
(-402000676, 'legend of zelda: a link to the past', '', 47),
(515028504, 'super metroid ', '100% raceu000au000atranquilite and dessyreqt', 48),
(-1857532571, 'kingdom hearts or kingdom hearts 2', '', 49);
